iso3,period,admin_level,service,admin_name,pop_total,pop_covered,pop_coverage_pct,area_coverage_pct,tiles,tests,devices,d_median_pop,d_mean_pop,d_median_tile,d_p10_pop,d_p90_pop,divide_ratio,u_median_pop,lat_median_pop,pct_above_bb,pct_above_hi,density
TUN,2026Q2,ADM2,fixed,Balta Bouawene,41615.08888280431,13472.605644226074,32.37432865316566,2.0248617496247903,25.0,225.0,59.0,23.900182192388918,23.48345202711085,22.131,6.791344587949687,39.4029425680094,5.801935398466533,11.08736962219946,22.0,82.01076347174407,21.98490407741715,140.06702720538607
TUN,2026Q2,ADM2,fixed,Bou Salem,35503.90578969939,17777.52138900757,50.072016003842855,3.201677357536724,38.0,399.0,95.0,20.86856081469937,24.84397312394471,19.897,12.277013284438727,32.95303026856012,2.6841243472733316,10.789090859033225,22.49748186556785,94.36305035547905,34.15556799296436,124.11188450329938
TUN,2026Q2,ADM2,fixed,Carthage,21079.038299560547,20711.6591796875,98.2571352893234,90.49597383967593,31.0,1988.0,383.0,29.305632108020138,34.19618808041833,29.306,22.392157535589497,52.10073544999036,2.326740304822474,13.759414005628788,12.443374090078773,100.0,74.11446873948326,2570.5930085780797
TUN,2026Q2,ADM2,fixed,El Hencha,18136.837417857165,3643.070822954178,20.086582566855252,0.9998360745290309,21.0,134.0,41.0,14.370628940081282,14.152221184403729,13.424,5.844242072603729,20.510748786101015,3.5095652321196646,5.3740573721248905,34.0,83.72565084417604,1.3752826234760207,34.42950941144734
TUN,2026Q2,ADM2,fixed,Jendouba Nord,48800.5226723084,28023.465079903603,57.424518315262574,4.754029110796412,59.0,637.0,158.0,19.98319319355583,20.1952136506373,20.661,10.176029781364843,28.485833491715926,2.799307205633523,9.639482450578946,22.041659261877598,90.01667074878932,29.443826600707894,162.8505815670336
TUN,2026Q2,ADM2,fixed,Jendouba Sud,72771.38484597269,51760.4510307312,71.12747839042358,5.346254077830973,56.0,838.0,263.0,29.07307165892427,28.98529364969261,27.740499999999997,15.683788470314958,45.90598890125225,2.926970673453005,13.668654467478124,17.0,93.50850154461527,67.19234656154742,287.49279624008176
TUN,2026Q2,ADM2,fixed,Kerkennah,98534.16439245676,70371.68786621094,71.41856664651252,8.478285441901047,51.0,293.0,97.0,23.58201953927016,22.609143867388806,25.936,13.686625924305321,30.36087697871806,2.2182879218465277,14.46920501045845,19.0,93.5852176497809,45.584166782646875,648.3425445513233
TUN,2026Q2,ADM2,fixed,Menzel Chaker,55962.647374580854,4516.500747084618,8.070563061203723,0.16885420641750373,11.0,33.0,12.0,23.08822649260845,19.067452292182352,23.082,4.825403338816729,31.770904240412094,6.584092978267566,8.745292558523678,25.239579251641214,66.97102660906287,20.962193405509005,34.20828082288885
TUN,2026Q2,ADM2,fixed,أريانة المدينة,124034.18511581421,123835.60499572754,99.83989887956997,86.41014129137555,67.0,8382.0,2174.0,31.501076203255213,31.3593110126249,31.521,23.091118924462798,41.899740148818815,1.8145391865107978,14.601192645539108,16.521204139732607,99.57124649516628,83.16948109984074,6683.281605622385
TUN,2026Q2,ADM2,fixed,أكودة,41215.53884887695,37220.602363586426,90.30720791995813,42.85337512784141,78.0,1977.0,482.0,19.79875016330794,20.958348085760107,19.894,12.290729670577065,32.466863692378524,2.641573329051518,8.498392027241731,23.0,93.87772886891005,23.49980230960437,923.0307868826119
TUN,2026Q2,ADM2,fixed,أم العرائس,40703.911822956026,30002.899149894714,73.71011238525188,0.8333349429156227,32.0,248.0,88.0,20.77204443289963,20.241098872749568,20.8005,7.331244096067513,29.31103446427398,3.9980982873011213,10.091032349637784,34.839938798080176,83.37719322787946,28.088262610059918,41.74292680586941
TUN,2026Q2,ADM2,fixed,أوتيك,21414.120897144665,3842.865234375,17.945472769266953,1.2078914439938735,19.0,82.0,28.0,17.659987003734276,22.3730472715556,23.412,14.132219415885825,41.07194498605737,2.9062629002128983,11.459870306148586,27.750205343859122,95.51716249488594,33.481671797657334,57.145851121834724
TUN,2026Q2,ADM2,fixed,أولاد حفوز,36990.07251018504,5195.497383117676,14.045653416027017,1.5408600827112613,26.0,71.0,36.0,21.308184208588067,21.576773666574255,21.161,2.6692726399645115,44.96324818835349,16.844756700818426,8.764338888680419,26.804299788333065,72.10762518980867,49.08860300538951,87.57940668249016
TUN,2026Q2,ADM2,fixed,البطان,21785.457276553534,7703.859132766724,35.36239352229689,1.532847869096974,10.0,145.0,28.0,19.478048188970547,18.45548030485777,13.7625,12.037071245697174,24.155,2.0067173739321813,7.5404962816826275,26.436430925381416,92.50734664070932,0.0,139.27081956535122
TUN,2026Q2,ADM2,fixed,البقالطة,55522.193950653076,40264.048919677734,72.5188362611599,17.797999676847713,29.0,371.0,84.0,23.946495090907213,25.622609990280598,24.446,6.341534209973332,37.26291951928808,5.876010171274434,6.7640449476295075,27.0,85.42872407747866,38.403245694498395,1378.854402518362
TUN,2026Q2,ADM2,fixed,التحرير,16879.7607421875,16879.7607421875,100.0,100.55263524061455,7.0,1356.0,255.0,30.29687210466669,29.46562371136929,29.814,21.996879904159176,36.429,1.6560985084576472,14.217042197490386,19.586328140538008,100.0,66.6528039114208,10120.33040084393
TUN,2026Q2,ADM2,fixed,الجديدة,52188.23486998763,33379.71207046509,63.96022427970843,8.024358007518467,61.0,693.0,144.0,19.431398187170064,21.787312859821828,17.941,8.296272428215206,30.04457265377026,3.6214544439970626,8.357464922422484,19.504402879250076,87.38780994784565,20.011893484613488,286.68125695381707
TUN,2026Q2,ADM2,fixed,الجريصة,9545.94239959014,3304.08056640625,34.61240837309172,0.5674605777030687,4.0,5.0,4.0,12.822731311426097,15.30775422516558,19.1535,9.953,19.84911727483463,1.9942848663553332,1.2844456333499765,30.18240414486798,31.7823366631156,3.0025637845080033,55.12146977204087
TUN,2026Q2,ADM2,fixed,الجم,42536.8048420661,24755.07555770874,58.196838360618,3.823216821582812,44.0,225.0,95.0,24.537159792047778,22.73758230718759,19.8045,8.699181342949675,28.661157410058983,3.294695935185632,13.398160227588718,25.0,88.03080177559993,46.0609405299197,148.3962475571961
TUN,2026Q2,ADM2,fixed,الحامة,16539.208393383684,12008.61378955841,72.60694408060253,0.4681714258936641,48.0,441.0,155.0,18.933033538833623,19.15702409319664,20.397,7.838644749837046,30.241890944102188,3.858050965344599,10.615551328909193,27.0,77.26418299213601,24.38283604499744,6.259637862517327
TUN,2026Q2,ADM2,fixed,الحرائرية,117219.92641258275,114855.92791557312,97.98327932002876,46.729983269975854,47.0,4189.0,795.0,23.25221454187036,25.962804439988698,23.541,19.078571579716296,37.825952334103704,1.982640690685617,13.394274764286164,20.55327690244016,98.82335705506236,36.234275604463036,4859.424619164388
TUN,2026Q2,ADM2,fixed,الحمامات,106733.52911466363,92208.17777442932,86.39101371357285,17.039194104189527,229.0,6975.0,2196.0,25.019044404726273,30.236803146762078,21.876,13.792734789643971,59.71549771592579,4.329489301915825,15.155979723797685,23.262576350233562,93.33506233122893,49.80445283918172,327.9290091295807
TUN,2026Q2,ADM2,fixed,الدهماني,29397.029520405482,13120.937046051025,44.63354719885332,0.7652530030881808,17.0,171.0,48.0,21.891236272943114,22.72256480755082,20.75,12.468506688876248,36.47124288990951,2.925069039939422,15.857858041764606,30.327967007421314,92.75372743072748,22.190628683212218,54.00322458089618
TUN,2026Q2,ADM2,fixed,الرديف,16663.086614829117,13500.035987854004,81.01761876361974,1.1983816589599,19.0,191.0,42.0,20.231792601469845,19.144735448325765,18.312,7.994528154270072,26.98615040593115,3.375577630746999,9.77470596475817,27.774115021072877,82.26267975245702,42.499077878513845,41.26860768972358
TUN,2026Q2,ADM2,fixed,الرقاب,49594.034668206645,13802.63916015625,27.831248763079035,0.8491709884724715,35.0,212.0,66.0,16.538645791861665,18.816024243894553,13.879,7.499450244973087,29.714407194869835,3.962211392066709,10.423401117892784,25.429563892650947,77.70533778400906,30.799770683247246,47.805282519485395
TUN,2026Q2,ADM2,fixed,الروحية,25905.399026076815,2202.560218811035,8.502321143920232,0.0753260418635521,2.0,3.0,2.0,9.711702647096827,9.711702647096827,7.814,6.5101026470968275,9.815,1.5076567194185466,6.1754319814116805,16.23894876045784,0.0,0.0,39.52315910757153
TUN,2026Q2,ADM2,fixed,الزاوية قصيبة الثريات,57080.056020736694,53283.12886810303,93.34806687776502,33.74512378977477,50.0,1410.0,218.0,18.599887803933775,19.895052249584886,18.1595,8.647333581301087,28.277155598984347,3.2700433414677796,14.907639471486393,22.0,87.34863327845478,22.732962157754788,1565.2799406150014
TUN,2026Q2,ADM2,fixed,الزريبة,28726.729784483487,15834.042893648148,55.11954549800785,1.9462631464405193,28.0,415.0,103.0,15.089799795892324,17.63413987364814,15.562,9.587439368017229,28.167741239179442,2.937983767922883,5.333627377326809,24.309055791777123,77.83516907057388,22.913136250062536,82.29296735968379
TUN,2026Q2,ADM2,fixed,الزهراء,33838.2633972168,33605.134033203125,99.31104808400762,88.20145092581711,26.0,2514.0,544.0,29.76477528131654,31.09443649771554,29.9125,21.094390094664735,42.50984002679459,2.015220152657854,14.625967874332249,15.0,100.0,82.11047584311125,4780.972578519517
TUN,2026Q2,ADM2,fixed,الزهور (1),36464.1748046875,36464.1748046875,100.0,94.02287935052651,11.0,1440.0,292.0,24.078942847926008,24.577720162304274,23.892,19.207023423029135,28.78996029424709,1.4989287855882998,12.10899109073594,23.235349263863075,100.0,48.234346933489206,12998.141238026952
TUN,2026Q2,ADM2,fixed,الزهور (2),80767.6845703125,80767.6845703125,100.0,70.9440494373105,9.0,113.0,31.0,21.1228231542992,19.06599885844231,20.444,7.0371037018004365,26.385355102579332,3.7494623101587465,10.309018526409472,26.11175577633549,80.20121179872362,4.850836092071968,25473.788993918617
TUN,2026Q2,ADM2,fixed,الساحلين,31848.370816230774,26207.932304382324,82.28971100470253,22.58256522301942,39.0,1127.0,215.0,22.003304810570608,22.907453889432656,20.926,15.940061251828434,32.26189330871219,2.023950397619177,14.237407071846068,23.0,97.37504218787944,35.721413536441275,748.6752046442865
TUN,2026Q2,ADM2,fixed,السبيخة,42194.81089603792,6024.568492889404,14.277984342039343,0.22934971776889865,10.0,90.0,20.0,11.668505658561582,13.788015304025238,11.3145,5.431929210504251,29.304850973683912,5.394925051124427,3.2702510305647143,21.212984104517776,61.08490246082585,18.78293045196571,39.45778811641511
TUN,2026Q2,ADM2,fixed,السرس,23757.046635899922,9723.82783794403,40.93028896634858,1.0154025339744464,18.0,125.0,51.0,22.604462731744473,25.236272064495104,20.247,13.68769250356569,39.525960099435565,2.8877007639628753,11.040571761405092,25.0,95.91627059077837,43.73047353648175,54.8513371818324
TUN,2026Q2,ADM2,fixed,السند,31567.23310316968,11225.445652008057,35.56043576996586,0.5282509466433576,16.0,163.0,47.0,18.16104360505564,17.121447342424815,19.197499999999998,9.132646533354576,28.01756876539707,3.0678477112927025,5.541514299222809,23.0,67.05095042410939,13.665170954081654,41.08225683050732
TUN,2026Q2,ADM2,fixed,السواسي,26125.178257420877,8488.88837814331,32.49313093483691,2.432381209054447,34.0,153.0,45.0,27.952076835885258,27.321705759878107,18.5235,10.492752340686899,48.35771905682408,4.608678208224858,23.59887873641113,20.0,91.64405455919264,53.19975021650399,75.12817254216878
TUN,2026Q2,ADM2,fixed,السيجومي,28089.153076171875,28089.153076171875,100.0,144.25006728558807,12.0,1230.0,209.0,19.446198742425473,20.61140484739142,19.492,15.83447724672743,25.479956312956638,1.6091441426159285,11.668074921390861,26.20648729885371,100.0,10.557560725120425,14079.148537939736
TUN,2026Q2,ADM2,fixed,الشابة,79344.72049349548,64939.38483047485,81.84461981411663,9.678272075581297,46.0,427.0,143.0,16.259264907276783,17.845013135204244,15.9505,7.475311881044025,28.405848850607157,3.7999550122636365,8.838313070302533,25.588907955739636,85.18877886451402,15.628746498256717,669.2276590162508
TUN,2026Q2,ADM2,fixed,الشبيكة,36216.84747417558,6220.930582046509,17.176896985532334,0.9632949671725246,20.0,88.0,24.0,26.281179484907618,43.23657473361775,15.9775,11.123299248927601,84.064,7.5574699663056,17.537652342676232,12.827699971557466,90.60509414447647,50.73301235451634,70.64940062800844
TUN,2026Q2,ADM2,fixed,الشراردة,73080.66988480091,5516.788909912109,7.548903039077744,0.4542494776087816,6.0,16.0,7.0,8.773837238788023,8.955518497659668,7.0985,0.966043276337931,16.754,17.342908346208805,1.5743916673365348,27.367349727253412,21.935130887278078,0.0,221.27705455814282
TUN,2026Q2,ADM2,fixed,الصمار,15134.38566133178,1909.5805053710938,12.617495999524149,0.11895668143130941,9.0,33.0,10.0,6.122402625035646,10.454533672787322,11.293,4.44385159489921,25.18266939993525,5.666856523480823,4.530088600900951,35.0,41.72895085186773,6.730853532124506,7.591410272840751
TUN,2026Q2,ADM2,fixed,العالية,30489.892952919025,16019.014129638672,52.538768025110606,5.019911143761232,18.0,329.0,80.0,22.59489544653547,22.189582999359317,17.5225,10.425116205926486,35.37566018326311,3.393310873902077,9.275936341693082,14.109512158394008,95.54005109406847,22.894653168810674,358.13663941258886
TUN,2026Q2,ADM2,fixed,العامرة,40629.66910707982,14953.715385437012,36.804915506514156,3.893311319842968,28.0,93.0,44.0,15.886577092345473,16.14356587468617,15.817499999999999,4.151018096056041,26.021817811155522,6.268779660555884,13.98399625888725,26.0,76.87796696028988,10.353495360121562,224.95559208067075
TUN,2026Q2,ADM2,fixed,العروسة,10881.854985031712,2010.4724731445312,18.47545731780097,0.40328843992914537,6.0,149.0,13.0,12.028546756604024,12.887913408632157,11.985,9.208846883159385,16.505132117529815,1.7923125801682576,5.669982253166209,39.55152168826917,88.10736997534971,0.0,30.177236179902167
TUN,2026Q2,ADM2,fixed,العلاء,34525.26710373304,5853.30806350708,16.95369378583082,0.7520424393685461,11.0,71.0,15.0,44.91513178384456,42.51180152866342,38.912,22.80756700929587,55.65813996957564,2.4403365754396598,10.518500423251199,12.0,98.42274545378899,90.42803863760265,95.56844676779474
TUN,2026Q2,ADM2,fixed,العمران,41540.14111328125,41540.14111328125,100.0,96.3793962334783,20.0,1323.0,382.0,25.588441531139736,30.86958002322662,26.652,18.12786992537328,55.14828608221856,3.042182358393273,16.078851132414677,16.582344701829477,100.0,53.236023188095096,8353.885045546587
TUN,2026Q2,ADM2,fixed,العمران الأعلى,53101.7705078125,53101.7705078125,100.0,95.70767562539983,13.0,3229.0,583.0,25.097974626133368,26.336251939752444,25.563,21.00647610377606,31.803172398922396,1.5139698939416857,12.745316568658879,23.0,100.0,53.83489761100623,16320.839748916436
TUN,2026Q2,ADM2,fixed,الغريبة,39614.99763733154,6834.357677459717,17.251945185071275,0.293502214207485,5.0,8.0,6.0,15.068700743704246,13.976721495858268,18.481,8.21,19.630568432824393,2.3910558383464546,3.8171737584542282,15.211577697915004,54.78341091326955,0.5693230915370827,91.59359657204988
TUN,2026Q2,ADM2,fixed,الفحص,51431.77092254958,20989.11794757843,40.809634922323916,0.8813944184330859,34.0,262.0,81.0,16.491123272053983,16.158579255835207,15.6055,8.99809539027659,22.47989087958594,2.498294350588668,5.5167066533780815,21.487546051406436,89.90734377095205,1.3488471137663671,54.975545463440724
TUN,2026Q2,ADM2,fixed,الفوار‬,54871.127926186586,19898.93566894589,36.264856256853726,0.026748670046243202,10.0,13.0,10.0,11.27437308896638,12.926669282766593,11.2545,9.403101875195151,21.478925062554485,2.284238259633735,3.666421032608436,33.617099364672654,77.38047862845274,2.900351676486582e-12,5.62508147287998
TUN,2026Q2,ADM2,fixed,القصر,26321.843357233265,21736.37453508377,82.57922608262388,2.438750860834107,27.0,402.0,110.0,20.747708886270395,19.234751959835837,21.793,10.960882244353769,25.668298392051547,2.3418095204219482,9.366667379463976,28.257962876246836,95.63150570579039,13.954824586396086,93.3949960958642
TUN,2026Q2,ADM2,fixed,القصرين الجنوبية,23546.567144053508,5039.142872810364,21.40075384229823,0.6061004912848676,21.0,105.0,26.0,35.23386727139638,33.3321264782661,26.39,10.736002917058585,49.59537040942743,4.619537717396169,10.062586128630738,18.751553278247272,93.63846860461294,75.52079751172265,27.20608755359256
TUN,2026Q2,ADM2,fixed,القصرين الشمالية,25342.853236638017,20973.00541114807,82.75708033074791,10.988087998357024,43.0,543.0,167.0,31.002680777555685,26.338950522189275,19.646,13.644333617462717,34.525486561285305,2.530390089340664,18.206920389634778,17.985228227408253,94.81906143694916,62.117115008119214,259.2120745405415
TUN,2026Q2,ADM2,fixed,القصور,14810.738657528553,4648.154441833496,31.383677406735952,0.3743975799974345,7.0,62.0,15.0,20.583166252039433,20.02017936079547,21.327,10.79002884057314,25.404720223164926,2.354462680177182,7.0184492848737925,33.50257012300504,89.57703403614065,6.550883574598709,32.272309281540224
TUN,2026Q2,ADM2,fixed,القطار,40913.573483159955,24408.510131835938,59.658709943492205,0.3004560415149455,11.0,118.0,22.0,19.425403371366958,19.37397689071937,18.886,9.7118012857208,31.74820952672644,3.2690340949835575,13.448120142534242,28.2413696526141,97.32300618468155,17.03396594970611,43.83166950798035
TUN,2026Q2,ADM2,fixed,القلعة الخصباء,6915.072563654838,3500.553535103798,50.622079564319755,1.4406625716079298,12.0,60.0,18.0,18.666242958922528,18.658732287039737,18.6535,9.516337454154712,27.209500798145655,2.8592408507189213,9.29931075598471,38.83275459431241,86.83781928761127,15.56248059098418,33.647327560639376
TUN,2026Q2,ADM2,fixed,القلعة الصغرى,46330.2679155174,38537.60786437988,83.1801964423186,11.225037444547569,47.0,1168.0,307.0,20.33069341809219,22.999874114825175,20.044,14.407881517217154,30.75226072115319,2.134405442216109,10.960642982058825,22.0,98.88857556014608,27.39540721093198,450.1058867198932
TUN,2026Q2,ADM2,fixed,القلعة الكبرى,64575.99886459131,46234.40544074774,71.59688778131972,7.0612732346419405,67.0,1362.0,281.0,18.77355790091739,19.3075383879631,18.122,11.587404874214991,26.434780881639956,2.2813374667233957,11.302916531992665,23.0,95.53672721726298,11.699365520288127,277.2456838568042
TUN,2026Q2,ADM2,fixed,القيروان الجنوبية,78056.458802924,49151.33048248291,62.96894739560194,2.709985984459369,57.0,832.0,261.0,23.402681669367276,23.052253920143492,23.19,14.848381344745043,28.712684800147986,1.9337249046549863,16.150359886770232,22.0,95.83350567672932,28.678895957237515,150.2378890805993
TUN,2026Q2,ADM2,fixed,القيروان الشمالية,39516.071732000055,32327.43727874756,81.80832724971711,5.795119773754974,59.0,2313.0,498.0,28.19611037286201,30.431891622542274,28.382,17.293359181302783,49.10500155213298,2.839529384506411,13.001943277545736,22.0,98.8949217249295,61.28019827655298,157.35681310842332
TUN,2026Q2,ADM2,fixed,الكاف الشرقية,41433.61404283255,28061.827124595642,67.72720114539455,2.2847919504862375,37.0,577.0,169.0,36.299276487330886,36.39630763247982,29.485,19.287567291015815,61.88294397917945,3.2084369711054563,14.71922052880104,14.0,97.79621521035857,75.80918887361372,105.00204268781631
TUN,2026Q2,ADM2,fixed,الكاف الغربية,43323.7222630183,37419.00331687927,86.3707026134747,3.426192220064855,30.0,452.0,133.0,34.35450311211823,30.54537214215721,29.725,15.027941040222736,40.75485411743024,2.7119386487043466,12.939436382909614,12.59583278038806,91.76660349287629,71.7342727599505,202.99086971950962
TUN,2026Q2,ADM2,fixed,الكبارية,76373.57215118408,75118.30126953125,98.3564067434636,70.97103252591724,30.0,3692.0,660.0,24.069668336554937,26.30949288786338,26.0205,19.56774729501223,37.532836460808916,1.9180969528554748,13.22095525354554,17.959016024362256,100.0,42.26828993866072,7525.736639591033
TUN,2026Q2,ADM2,fixed,الكرم,90260.66711425781,90260.66711425781,100.0,96.99417832276258,39.0,5715.0,1443.0,31.974996155729055,33.4512896818042,37.868,22.763577434296675,46.12631967155657,2.0263212056493587,15.452848402216,15.0,100.0,74.90682166950265,9375.463995035932
TUN,2026Q2,ADM2,fixed,الكريب,21019.85371889008,8430.99656867981,40.109682405178006,0.6266477351470215,11.0,44.0,18.0,14.197283817741933,14.916395833732956,14.107,8.97905219486842,21.866470778965216,2.43527605190468,4.7925293793967,30.364662612356067,88.78874423700434,0.2064254066122751,49.352193273701005
TUN,2026Q2,ADM2,fixed,المتلوي,21720.83792748426,18834.1396484375,86.71000497916287,0.995842295666071,38.0,440.0,115.0,18.963782241299562,18.66246222750989,16.476,9.44255098676083,29.8768737901906,3.1640680396727787,10.416293005897462,26.301308990922493,88.43020368908086,17.04284987487659,22.316698957851372
TUN,2026Q2,ADM2,fixed,المحمدية,89223.72459933192,77569.10444641113,86.93775651570586,12.59998333733951,51.0,2356.0,463.0,19.727780931251402,21.002950869728707,21.518,15.418802807624404,27.857148613376783,1.806699843103368,11.278883067397809,20.167952742857377,100.0,18.295905417458012,916.3984068953814
TUN,2026Q2,ADM2,fixed,المدينة,18505.5810546875,18505.5810546875,100.0,111.60202316168402,7.0,1726.0,199.0,21.144932339312106,21.693755585335143,21.165,17.927,25.58264446186181,1.4270454879155359,10.410612788848816,20.0,100.0,10.326374999679297,12305.208387850382
TUN,2026Q2,ADM2,fixed,المدينة الجديدة,67689.00079345703,67689.00079345703,100.0,86.16041117140699,29.0,3189.0,629.0,31.95685226657465,31.311802098071254,32.549,22.2391252775217,41.59005174063928,1.8701298374660724,15.850934727435712,15.730486455609643,100.0,71.69575226357738,8374.813329806217
TUN,2026Q2,ADM2,fixed,المرسى,100309.27582168579,99258.91400146484,98.95287667903403,82.0285326944465,105.0,8206.0,2071.0,30.87415717601575,33.645558733010915,31.061,20.515963075650617,51.06682838306605,2.4891265496414716,15.596335486798395,16.0,99.94536595136466,75.40029196649142,3276.4121475688676
TUN,2026Q2,ADM2,fixed,المرناقية,51140.18887799702,32883.10694360733,64.29993252871077,5.878961576470396,64.0,955.0,259.0,25.9393565135346,29.35355834035179,20.7315,13.823824395787891,55.1293827928831,3.987997909585786,12.587861805527949,22.0,94.01173480687831,52.1107710740276,195.62655778338885
TUN,2026Q2,ADM2,fixed,المروج,124478.97229003906,124478.97229003906,100.0,81.15850642614222,54.0,7114.0,1481.0,32.72023890260944,33.01292302530215,32.829,22.609928033079008,42.425566665584135,1.8764131669731212,17.15286186882048,11.014480862292348,97.33289214378567,89.85704376923496,7787.073225278182
TUN,2026Q2,ADM2,fixed,المزونة,20723.78659659318,5954.834568023682,28.734297857528638,0.2455471064005375,11.0,39.0,14.0,11.663976440293274,11.294272167016238,14.392,4.31121991551315,19.358580957158114,4.490279163793,6.2804273445555125,33.979043529637224,53.20681601266678,0.0,18.248889643611598
TUN,2026Q2,ADM2,fixed,المضيلة,15665.267252593083,11250.664741516113,71.81916886642188,0.4753092799068965,12.0,140.0,42.0,23.909485929341525,25.25003414344219,23.497500000000002,17.045061983161,38.96172395577064,2.2858071149439847,18.059516623383274,25.0,93.87268410027875,21.388501343632292,24.309927686804194
TUN,2026Q2,ADM2,fixed,المطوية,85521.14399495962,51327.282539367676,60.017067290859394,2.1984826058528735,35.0,335.0,96.0,18.971404238750882,21.266705730806397,17.907,9.654799898222056,38.124517926572075,3.9487631363124116,9.753048730344553,22.0,89.37444373011202,31.34199928418915,208.94181835783513
TUN,2026Q2,ADM2,fixed,المكناسي,27533.513552518267,10717.45099067688,38.92511201025647,0.6092389836636216,15.0,86.0,32.0,22.662632084647985,20.213799123608254,20.654,9.494271323556807,26.72285909623038,2.814629810497061,5.583552543662986,24.28524649072469,71.13867807248823,11.79353153925555,44.141912911019595
TUN,2026Q2,ADM2,fixed,المكنين,99682.3539454937,68763.36085891724,68.98248098807642,10.15397745956444,81.0,1344.0,350.0,22.385738271252357,21.47561565291087,19.386,10.924788238130757,30.525018148958047,2.7941061633045354,10.226762206897426,26.301070044839758,90.21173169566198,38.09440392364704,505.18193333365366
TUN,2026Q2,ADM2,fixed,المنزه,43400.45910644531,43400.45910644531,100.0,100.3757680002314,42.0,3342.0,980.0,34.57059646449587,35.10991200227573,33.543000000000006,26.17752908601773,48.870525414685005,1.8668884008914477,15.729762181353216,14.851769943304967,100.0,90.53460786749798,4330.567161642014
TUN,2026Q2,ADM2,fixed,المنستير,119072.71086832881,112398.51043701172,94.39485304177087,40.84715743642729,103.0,4164.0,1294.0,25.63080141145465,28.88301432767011,25.488,16.133555269225912,42.752849571717505,2.6499335613438406,12.940375969540547,20.0,97.34231302029109,54.30338168746995,1917.7239308898477
TUN,2026Q2,ADM2,fixed,المهدية,24914.738419786096,18856.776348114014,75.68522707482597,15.700464234949038,105.0,2766.0,898.0,30.125889234003914,29.06043071381447,24.441,12.91803594994579,43.182258848996334,3.342788254833549,12.734535972333033,16.0,91.42605328398254,64.70168556516265,150.30040941616875
TUN,2026Q2,ADM2,fixed,الميدة,31113.44240063491,11268.389389038086,36.217109132251274,5.830488644073818,37.0,204.0,57.0,14.239101001000254,15.247545047269378,11.431,5.640891502166337,25.096829243707234,4.4490891615392725,4.928495239704987,28.0,59.55946042041491,9.049430203382812,204.01048791404236
TUN,2026Q2,ADM2,fixed,الناظور,33202.44015223771,10147.022094726562,30.561073367502765,0.8191431487105856,12.0,30.0,15.0,13.425920585326963,13.972366157620382,7.598,6.449435686584425,27.43418244378378,4.2537337802825235,4.624464941672841,23.96482167603367,64.78932270338481,15.978431441973237,92.90109374903322
TUN,2026Q2,ADM2,fixed,النفيضة,56476.562284503045,21806.016006469727,38.61073536420473,1.4619219647675241,23.0,135.0,66.0,11.555071804125122,12.624259909473004,13.352,4.712027862005453,19.292365199971844,4.094280799044545,3.2863222022683884,29.7569090633053,68.72550442126868,3.8898187903970176,147.13013771473283
TUN,2026Q2,ADM2,fixed,الهوارية,44766.47945185853,19223.161311149597,42.94097178631617,4.773288146650167,62.0,828.0,171.0,13.68338340239222,15.796697080807164,13.766,6.8078659763713265,25.037819422025457,3.6777779569877658,4.927352581921465,29.255637877661766,76.614144721611,9.871249348344133,144.53457004209753
TUN,2026Q2,ADM2,fixed,الوردانين,24528.747126579285,19256.659702301025,78.50649526829913,9.59863754850289,20.0,139.0,47.0,12.713426304511557,12.214345353965667,14.636,7.463879989867894,18.09188343633118,2.4239247497133722,4.210325516168842,25.0,54.935461343209056,0.1514938199798951,477.46367700312334
TUN,2026Q2,ADM2,fixed,الوردية,38643.89219093323,38634.077392578125,99.97460194147472,91.60800275002376,15.0,1579.0,267.0,26.46057501061536,26.469689751937988,26.649,21.14157122648307,31.918387689705227,1.5097452950763914,12.631308744760753,21.20081186440648,100.0,55.796766250707286,9836.407621477863
TUN,2026Q2,ADM2,fixed,الوسلاتية,30084.18967218555,7069.890293121338,23.500351414343832,0.4025220601286031,15.0,124.0,31.0,15.590056985202864,15.029864536473815,15.426,7.868220596255804,20.74727712706247,2.6368448714993242,4.58913898140486,32.61599174993449,85.24493510670574,1.2176049201997168,32.88975520823368
TUN,2026Q2,ADM2,fixed,بئر الأحمر,5386.238705869895,3468.268077850342,64.39128058083726,3.210555736401958,30.0,133.0,36.0,15.874262988257852,20.35143240911953,15.963000000000001,9.10015976815413,37.254129261616754,4.093788484020578,5.536730808991677,34.737909700844895,88.25906122576889,29.232299895614133,21.999958800713298
TUN,2026Q2,ADM2,fixed,بئر الحفي,28178.27667108207,11121.296255111694,39.46762388959334,0.7317322108003311,15.0,61.0,24.0,14.806863616359665,13.301686491423359,13.003,5.796850670022564,18.757258856553747,3.235767130168412,3.367961881983356,33.9986760134887,69.04418797407794,2.405976712576844,54.6982103180362
TUN,2026Q2,ADM2,fixed,بئر علي بن خليفة,38073.19834717171,5475.8192730546,14.382346403165718,0.4189464442689126,20.0,112.0,37.0,19.743474757721167,21.03917582870367,18.1025,4.903638598135659,33.80307608889999,6.893468067110771,14.906878509743438,28.62175341313182,82.17865616902193,21.905828007208548,31.592897011730148
TUN,2026Q2,ADM2,fixed,بئر مشارقة,27885.659742009197,9036.80082321167,32.40662371562222,0.9919621517450746,22.0,210.0,71.0,16.86632068659905,21.765992757919243,18.4365,10.742748477618498,36.66174770375732,3.4126972050158866,5.193575451301159,24.0,95.13120848622474,26.787790494378694,52.07567853032869
TUN,2026Q2,ADM2,fixed,باب بحر,34822.446746349335,34569.39038228989,99.27329528018885,54.421063586535695,25.0,2172.0,798.0,27.981267772681587,30.20560638323204,27.64,23.359560300814103,42.79170262201664,1.831871065677778,16.902409435487005,17.847131524942746,99.96210537847165,70.95310415405694,3161.881216817846
TUN,2026Q2,ADM2,fixed,باب سويقة,21290.68408203125,21290.68408203125,100.0,77.03004826994244,7.0,666.0,189.0,21.2526789754703,24.751444496198047,21.362,19.58728768831093,37.03518788325217,1.8907767360436327,12.91601621492539,21.637119496882057,100.0,25.500939234719354,9773.806508856851
TUN,2026Q2,ADM2,fixed,باجة الجنوبية,41139.254531339815,25315.967458724976,61.53725376681125,2.50486207949515,38.0,611.0,169.0,30.32031904554784,26.195042558547257,23.557499999999997,12.581050164705417,33.17083978729879,2.6365716178730043,14.254090979098114,19.818068128493657,96.36955138162082,61.342771138694744,112.79047189229252
TUN,2026Q2,ADM2,fixed,باجة الشمالية,77292.31361148425,51173.04769134523,66.20716252403892,2.414787229533741,43.0,794.0,222.0,23.377858110700107,25.218989607907773,18.887,12.720103436126559,42.73446812176634,3.3596006774909966,12.070832493106565,22.0,92.53582641191723,28.088448970907315,180.76460606861963
TUN,2026Q2,ADM2,fixed,باردو,86177.70458984375,86177.70458984375,100.0,106.13957900222438,30.0,4388.0,1003.0,31.8284096416482,31.04514157212516,32.467,23.423052740790915,35.964242911751086,1.535420822799919,14.820241225385008,16.742308213430377,100.0,79.17865535385265,12720.720906644574
TUN,2026Q2,ADM2,fixed,برج العامري,19842.423977613515,8157.608251333237,41.11195416717614,3.040602056299844,22.0,153.0,36.0,17.905095308761446,17.26722600742355,16.493,7.7899980679109895,28.818905001913745,3.6994752438548404,6.642809485004038,22.0,74.78377661600769,18.20807393204598,114.11151498120206
TUN,2026Q2,ADM2,fixed,برقو,12776.964580814218,2623.6535034179688,20.534247291861675,0.27235306365867423,5.0,13.0,9.0,16.43476388826372,16.55678574242615,18.239,4.37026272595072,25.35591469417056,5.801919995245722,6.5653128224915065,34.03045284892008,92.58231937967747,7.417680620322536,28.503879368587913
TUN,2026Q2,ADM2,fixed,بلخير,53242.83066493299,8363.177490234375,15.707612434931198,0.06061742218328972,2.0,2.0,2.0,11.754263388426555,11.754263388426557,10.2955,6.216,14.375,2.3125804375804373,0.06852644549098942,33.272483967938065,67.87919338676988,0.0,63.200870195330324
TUN,2026Q2,ADM2,fixed,بن عروس,36847.316162109375,36847.316162109375,100.0,92.62472861370088,25.0,1944.0,386.0,27.33021051524904,27.54786288661674,27.74,19.127128483636646,37.90684857362098,1.9818368766671106,15.332973809570964,16.27908573485637,100.0,57.846717895703314,5686.718931585419
TUN,2026Q2,ADM2,fixed,بن قردان,87637.1087115808,51698.07605314255,58.9910790225681,0.48542267231135205,89.0,449.0,145.0,15.761686013497624,18.017447866708167,15.624,6.615024790823583,30.907537760171163,4.672323798853537,8.22321764533396,40.47426095304053,65.57122542921613,27.05106576360881,18.230567061037664
TUN,2026Q2,ADM2,fixed,بنبلة,37581.63877618313,31175.038208007812,82.95284405682858,18.659843257249214,37.0,607.0,115.0,21.71272848527428,22.609868365320725,21.64,9.082790650574887,34.80614499712088,3.8320981222789556,11.541847085716753,24.496654291074375,89.04621043056513,32.968830456465575,768.3230113159462
TUN,2026Q2,ADM2,fixed,بنزرت الجنوبية,64250.37358910619,36810.585273742676,57.292406592300345,3.3400429880793565,57.0,481.0,146.0,23.3609730253312,23.001661713937697,21.421,7.855591727824376,37.08282956571418,4.720564770998397,14.26158952427294,18.0,83.38151278376061,44.708820007141846,158.92260940684952
TUN,2026Q2,ADM2,fixed,بنزرت الشمالية,96967.80351591202,92865.5456237793,95.76946394226661,32.10683232646246,74.0,3533.0,857.0,23.409277076286504,25.30893460151597,23.228,17.246448968836624,36.21167887711219,2.0996599904446813,12.699434335391963,22.0,98.2463093470884,39.23419276901849,1777.9183331892948
TUN,2026Q2,ADM2,fixed,بني حسان,15474.749686837196,9584.084747314453,61.93369806470385,5.131311923306335,18.0,241.0,30.0,11.555049360202112,10.954745552141903,8.1075,2.2847005173000925,18.176150489319827,7.9555943335624555,0.8476406695811978,32.766174970265574,56.825861777930655,1.7328755076186684,178.21795672899
TUN,2026Q2,ADM2,fixed,بني خداش,81361.8605637018,9477.154525756836,11.648153643606456,0.21144370042003932,11.0,28.0,11.0,10.057328582779427,11.09630151675928,10.067,7.27760442239273,17.645505639913214,2.4246310483184694,3.691142006096203,50.31155063103153,92.89383954413053,2.467339289376339,59.84478732326592
TUN,2026Q2,ADM2,fixed,بني خلاد,42558.68844997883,29948.921447753906,70.37087499290361,11.360613655838899,54.0,698.0,171.0,20.897841066650717,22.993530840042364,21.2815,11.463240894896076,37.923007577333195,3.308227396164913,13.660944104007616,25.0,95.87555844478825,33.71889110121662,371.9266037290044
TUN,2026Q2,ADM2,fixed,بني خيار,49396.926092028625,35810.68835067749,72.49578300471697,12.955768523375395,57.0,853.0,277.0,20.58485535611304,23.302338344522465,19.287,12.198821079507534,30.437106940014434,2.4950859383571826,11.264169973809992,23.564512315688543,90.83769437075438,34.64074556060318,464.5317557468521
TUN,2026Q2,ADM2,fixed,بو عرقوب,34804.69690624004,13530.070846557617,38.874267122641854,7.077521451079053,38.0,404.0,84.0,17.873617029570454,19.770947868265566,17.8565,6.558605714343881,29.789418793770928,4.542035318363553,8.569298634457315,24.726940969572922,77.35604012336645,22.61836236859606,268.5190129988208
TUN,2026Q2,ADM2,fixed,بوحجلة,24388.258036196326,3685.048271179199,15.109928169982293,0.3964177208199267,11.0,61.0,19.0,23.405887478102354,20.49430192447262,23.253,9.565538544731622,28.518513886164264,2.981380896935626,5.783515807580534,17.754410261671843,96.40818069321519,50.60562900148522,35.37282467502521
TUN,2026Q2,ADM2,fixed,بورويس,11855.828624130834,3207.164276123047,27.051371758152147,0.4414998136692082,5.0,63.0,7.0,15.263510884546532,15.92056170298737,17.517,8.635,25.425611093918775,2.944483045039812,3.624254122706064,28.356438501304535,73.28054459220961,5.370364747450383,42.98495166898153
TUN,2026Q2,ADM2,fixed,بوعرادة,21981.329516844336,10285.378112792969,46.79142862997101,0.7010746395334331,11.0,97.0,32.0,17.95263587127173,17.805652834601965,17.838,12.9524052861991,21.20340287225368,1.6370243521368257,5.500217813150171,24.0,96.69915991771327,3.8558721124007276,57.75242385942834
TUN,2026Q2,ADM2,fixed,بوفيشة,30050.646119465076,13020.672401428223,43.329092990763286,3.6141547525548874,39.0,471.0,87.0,16.954369860854843,17.83703803330713,16.109,7.675392255178184,31.04546498463799,4.044805001815151,7.157025526627304,30.747219604168148,88.79071951744092,19.114075717011442,114.74437425854138
TUN,2026Q2,ADM2,fixed,بومرداس,26196.59100165969,9922.190650939941,37.87588488254567,4.022226696206451,31.0,163.0,43.0,18.32328044480769,21.095928517745854,19.972,7.69375301280952,40.836408236603496,5.307735791441959,7.009598615135832,24.90084846997786,73.67399256370692,30.679070111314083,136.9646288478337
TUN,2026Q2,ADM2,fixed,بومهل البساتين,53974.88480758667,52806.292083740234,97.83493243568316,57.162675908272476,48.0,2573.0,641.0,24.628760700006318,25.44121286535091,22.573,14.10354547251684,39.05560341455728,2.7692046294787205,14.710456665916348,21.0,92.53526254124246,48.09357995676782,2675.679531741014
TUN,2026Q2,ADM2,fixed,تاجروين,28433.573213326228,13478.430660247803,47.40322490994815,0.646720287213473,19.0,258.0,68.0,22.745317694788646,25.244763801256653,24.581,8.804236354528053,35.89414685304882,4.076917680042554,11.482024372551182,22.620675283649945,81.41425044829005,42.91026686477796,39.459659881266425
TUN,2026Q2,ADM2,fixed,تاكلسة,25422.774510114446,8424.187839508057,33.136382640519805,2.409529786183446,28.0,192.0,43.0,15.499440513302428,17.256283345687002,14.160499999999999,8.07012819263402,26.874914112404152,3.3301718970132512,5.589828057932589,29.0,77.81276489086812,11.45088471170483,91.27502254973732
TUN,2026Q2,ADM2,fixed,تالة,45359.26892522119,17723.964874267578,39.074626408743754,0.4141335425233026,12.0,198.0,36.0,11.455499856047469,12.46809431993103,10.862,6.229956333194773,19.016725177580103,3.052465243817876,4.841152922250391,42.790575788827766,82.60144827821313,1.8577936204260843,63.292902249414446
TUN,2026Q2,ADM2,fixed,تبرسق,22160.213090720663,10681.133427619934,48.199597106277544,1.1609959576223055,19.0,176.0,42.0,18.061445157865435,18.545530607118266,17.489,7.518212125592298,32.27725704794899,4.293209144508693,5.06361906091468,27.285734498248058,73.53083640929823,20.69540793691218,55.966754378622674
TUN,2026Q2,ADM2,fixed,تستور,36459.2232054393,15723.508321762085,43.1262844881904,1.0120183619766208,27.0,295.0,60.0,17.07398740525632,14.82713754506539,16.825,3.6469104785369333,25.112460150375313,6.8859546452179226,5.342453359810005,27.0,72.13142765210843,10.4347951346,56.678802455128796
TUN,2026Q2,ADM2,fixed,تطاوين الجنوبية,7995.709617023669,5856.388152122498,73.24413257397015,0.41655653082570576,30.0,365.0,72.0,20.487842956537413,28.642244173191493,19.2805,8.066830518231054,51.386402107997505,6.3700857470432934,13.407622585567001,26.0,88.16088180188996,45.18451545721369,4.211857773521827
TUN,2026Q2,ADM2,fixed,تطاوين الشمالية,16120.093971017555,11687.61895275116,72.50341700094566,0.4824208768669,52.0,711.0,132.0,16.05775689086988,18.75403294780642,17.4145,8.504737939509752,35.63135095928143,4.189588346250133,10.32406599104555,34.78720636586233,77.92136807270053,19.176383568823887,5.678780119578054
TUN,2026Q2,ADM2,fixed,تمغزة,5461.3123335874325,2354.300374984741,43.1086931341692,0.20036928262692377,7.0,40.0,12.0,21.72688037184835,37.897427822682005,22.523,12.677743637527804,29.95932921742312,2.363143637700602,7.221071142728892,56.79364968924534,96.32213061154033,14.730233699346723,6.135740544207638
TUN,2026Q2,ADM2,fixed,توزر,6958.121212782502,6342.247334957123,91.14884810149641,1.507944484478399,48.0,1082.0,270.0,25.43558741455618,27.17133270505912,26.505,18.03853872640498,36.56963431794957,2.027305807449835,12.52232826355552,22.0,98.98906489202251,49.31663028626118,8.489883543346636
TUN,2026Q2,ADM2,fixed,تيبار,12291.158047576337,4445.290184020996,36.16656922654698,1.4807395608673206,7.0,47.0,11.0,7.69185950502723,10.990509494386517,10.854,6.982,22.736406766936565,3.256431791311453,3.737679102483812,33.66232057136151,22.420440156434427,10.931764498110647,107.61588594021167
TUN,2026Q2,ADM2,fixed,تينجة,28622.71998768382,25695.969955444336,89.77473128515093,9.388047077615447,23.0,844.0,130.0,18.254924473401427,22.867058328416235,16.513,11.190432838547146,35.8249796577767,3.2013935631133155,11.287337617281265,22.80516566538238,93.76173821522401,38.00171948191929,491.91187295769373
TUN,2026Q2,ADM2,fixed,جبل الجلود,20928.16778564453,19972.43115234375,95.43325224123843,86.76871004935735,19.0,781.0,163.0,19.112673952896017,23.46352336920285,24.099,15.4354365502971,36.25528814882692,2.348834646217316,11.97648362857842,17.434146589215914,100.0,36.461994508106486,3982.7662013824624
TUN,2026Q2,ADM2,fixed,جبنيانة,55752.30412790224,22432.119941711426,40.23532353075407,5.45151379775532,55.0,1958.0,103.0,17.746439959249788,20.527262366553067,17.666,6.754007552029846,33.34571212313386,4.937174243033257,11.738883949532697,24.0,85.56663885386533,33.6148052203039,220.52016252922405
TUN,2026Q2,ADM2,fixed,جدليان,40879.2025060914,9160.786743164062,22.40940669475882,0.17984478946208626,2.0,2.0,2.0,25.749548260490865,25.749548260490865,17.049,5.159148260490865,29.918,5.799019235231953,8.977172376248356,29.91522772986108,83.80429038966068,83.80429038966068,148.67481061610047
TUN,2026Q2,ADM2,fixed,جربة اجيم,66431.60213181376,39997.56783103943,60.20864550530656,11.674174813106616,72.0,284.0,113.0,14.770267150537414,16.250151630930993,13.4055,6.758056901769632,28.942926092286488,4.28272897268853,4.405722004171178,36.0,67.8630838761343,20.944177382821767,416.7052313807895
TUN,2026Q2,ADM2,fixed,جربة حومة السوق,26232.741817831993,22948.169912338257,87.47911320782713,40.07472545109848,253.0,2913.0,941.0,20.025757357832177,22.224266576971026,16.263,7.810040881062694,38.38032463227507,4.914228390959812,7.168464661325341,31.93323630797168,81.31801874122904,32.53064617312546,161.11566131934825
TUN,2026Q2,ADM2,fixed,جربة ميدون,27717.195499010388,25177.75210571289,90.83802185762926,38.4786400012945,282.0,2988.0,996.0,24.279856325744486,27.234468320117838,20.2565,8.918409661611793,44.121979852068826,4.947292345403969,14.822765953396441,30.0,87.63394326995324,46.77129344196192,146.44406448496454
TUN,2026Q2,ADM2,fixed,جرجيس,74523.62300685974,57225.93729567528,76.7889898353543,4.982879481563444,170.0,1506.0,405.0,18.99715504419437,20.991406409487755,17.1565,10.747696663697438,33.94180728597239,3.158054078751389,11.88922428573997,34.0,91.7641503819714,28.9087807931424,84.07005755251302
TUN,2026Q2,ADM2,fixed,جرزونة,24088.655364990234,21801.525360107422,90.50536457835308,54.024842331992,15.0,483.0,116.0,23.604507948186086,22.412029529221485,21.95,14.127443746992816,28.10014933818891,1.989046981282112,15.714660892153102,23.931013492381634,100.0,18.31385290750646,3662.5454840788852
TUN,2026Q2,ADM2,fixed,جلمة,43414.632240580766,10872.602394104004,25.043635827326217,0.48365312357375834,13.0,131.0,29.0,12.184107379211838,13.328908544235196,14.712,7.8729308841283245,20.79951261951934,2.6419020979151173,4.642974761314765,30.21802788382688,61.812792004957664,2.8346316342427893,64.85803134921638
TUN,2026Q2,ADM2,fixed,جمال,75823.60901743174,62300.04985046387,82.16444806279424,11.076566438140663,70.0,663.0,221.0,18.248314015876325,18.88113785530719,16.447499999999998,9.679924577883062,30.52220076519942,3.1531444816147967,6.562137133892145,24.0,86.64315528249539,21.952869979981546,485.59991965225436
TUN,2026Q2,ADM2,fixed,جومين,26595.764452795433,758.8929138183594,2.853435234641633,0.12964875137745127,3.0,3.0,3.0,14.738045993735808,15.035262933547987,14.992,6.422956542508582,43.28752580247648,6.739501585599999,1.1339136577848798,35.296704125710285,96.3746312290833,1.1820612610814245,48.061141042659294
TUN,2026Q2,ADM2,fixed,حاجب العيون,30584.98746945187,9561.952390670776,31.26354849816828,0.5061564630476374,12.0,211.0,36.0,14.123067909960488,16.068960146999647,10.411999999999999,5.835478436053255,37.544301620751455,6.433800078634858,3.201697406946021,29.0,65.06997491477972,5.522522519943752,51.93353411572084
TUN,2026Q2,ADM2,fixed,حزوة,35891.38632795567,14530.1923828125,40.48378697340812,0.060236484234580466,3.0,13.0,4.0,27.283,42.33806227442495,27.283,9.666,84.298,8.721084212704325,4.848,28.723828186936416,61.78724231071387,61.78724231071387,27.869867661302596
TUN,2026Q2,ADM2,fixed,حفوز,38945.406061457754,8726.185639381409,22.406200170595376,0.6059668675033439,15.0,398.0,44.0,11.204548846910066,11.671306190769336,11.069,10.153259456647982,12.677473454584051,1.24861119808017,3.1193955374175344,35.4582820309876,96.7913740710597,1.5884978775190295,63.70792063031094
TUN,2026Q2,ADM2,fixed,حلق الوادي,56375.03756046295,53446.49867153168,94.8052559862326,47.77627496272531,41.0,3614.0,1104.0,35.05676346552516,37.632220866892105,36.689,24.29308414547638,54.56141409160384,2.2459648912780685,14.908512539624542,13.090081621458095,99.64193119325716,90.74527737160388,2742.826710544063
TUN,2026Q2,ADM2,fixed,حمام الأنف,42789.00157880783,42515.591552734375,99.36102732948818,44.16067301549855,21.0,1783.0,405.0,21.282864118863447,21.467746416702628,19.886,15.400933823104797,26.6106768260287,1.7278612538485698,10.226989167428137,21.61413749198981,100.0,35.377872267111066,3745.982058245807
TUN,2026Q2,ADM2,fixed,حمام الشط,36284.11047333479,34776.783447265625,95.84576552544426,31.08570229284683,34.0,1518.0,398.0,22.088661032095832,24.32067500538829,22.9375,14.555229528933914,40.79799550727099,2.802978505159939,13.395995181051356,17.653122603033058,97.60985160940257,28.283246922095355,1380.3160114379164
TUN,2026Q2,ADM2,fixed,حمام الغزاز,16978.27621334815,9991.962882995605,58.85145675236468,14.892409623435572,59.0,852.0,166.0,18.71398094004261,19.599168562570057,19.315,7.5719964717689745,28.67624625706995,3.787144693474822,12.615476854908689,25.0,85.18094996064806,28.72888938245926,179.36274543438677
TUN,2026Q2,ADM2,fixed,حمام سوسة,48389.62315368652,47381.66018676758,97.91698529307072,71.79063340810097,54.0,2944.0,947.0,26.19639782300076,31.02019235069617,28.274,17.02213420933459,58.40161585512272,3.4309220651718553,13.922774890015958,21.0,96.48098737945506,53.27921683240504,2620.2515433302287
TUN,2026Q2,ADM2,fixed,حي التضامن,85345.0439453125,85345.0439453125,100.0,105.57114498312053,15.0,1966.0,375.0,29.183097908695036,28.183553186730155,24.721,18.578658005470327,37.925198504715574,2.0413314295116916,11.866242331238302,16.82389463544032,100.0,51.03003392102937,25076.14806156156
TUN,2026Q2,ADM2,fixed,حي الخضراء,33232.58753925562,31963.790651917458,96.1820701266809,44.460370735207306,68.0,3828.0,1471.0,33.92891417817926,40.54188720376967,35.772000000000006,22.70170035356122,68.80771438763861,3.030949810631464,22.318175202269778,15.0,98.08967995346364,85.29990099107117,907.1992522316418
TUN,2026Q2,ADM2,fixed,حيدرة,58124.66397724596,24700.299072265625,42.49538385621471,0.19928684325991144,4.0,37.0,10.0,18.02986292960072,17.68233117462589,19.3885,14.596,21.43976219035289,1.4688792950365093,7.259878581622808,30.61023730395087,100.0,0.0,117.03917798249809
TUN,2026Q2,ADM2,fixed,دار شعبان الفهري,49389.636959940486,39286.97871398926,79.54498379053604,9.85615034367504,28.0,1674.0,397.0,24.87832570434876,24.60540432187477,24.9005,15.999619701444281,28.874799423366056,1.8047178596850983,14.203616095375777,26.690727976309738,98.16739614739593,48.53115234546594,718.9241638206925
TUN,2026Q2,ADM2,fixed,دقاش,23653.194243447575,16797.04689025879,71.01386272558904,0.41662795882378073,23.0,154.0,51.0,17.986454040240247,19.463385702368793,17.694,10.69420300927977,35.228097741431505,3.2941302601851428,5.894479516641872,29.604376974323056,96.31454134873883,23.094917774119978,16.67083133476888
TUN,2026Q2,ADM2,fixed,دوار هيشر,97124.47040557861,97124.47040557861,100.0,79.47948656816692,30.0,1336.0,340.0,21.153853173880442,23.480734877568697,22.726,18.12293720653621,31.32875142704772,1.728679577157543,13.585317537078682,26.0,100.0,24.648365764667975,10741.486390878406
TUN,2026Q2,ADM2,fixed,دوز الجنوبية,29098.51504061247,12904.209110975266,44.346624193588596,0.06037903686476729,12.0,62.0,16.0,8.44343689586949,9.759596896223456,33.486,4.593831381611919,13.27082213593447,2.8888352735484824,0.7136471796484658,37.80883504203142,13.744354136645601,2.129816048047548,5.5894726448403045
TUN,2026Q2,ADM2,fixed,دوز الشمالية,23211.95036210645,19363.482389450073,83.42031620514315,0.3929096501287096,40.0,260.0,85.0,27.043611715861335,27.642365876461806,28.7325,15.07221279293795,35.93112908428683,2.383931913509228,14.98988799700117,23.21820672926166,97.61085293952831,53.74891418493194,8.76049220145681
TUN,2026Q2,ADM2,fixed,ذهيبة,11069.958020950993,1911.7646484375,17.269845511783295,0.008344364065476744,1.0,9.0,1.0,20.531,20.531,20.531,20.531,20.531,1.0,19.912,40.0,100.0,0.0,3.4356528375897306
TUN,2026Q2,ADM2,fixed,رأس الجبل,64094.90784829876,53672.22859954834,83.73867815923997,26.841094331062497,95.0,1534.0,433.0,19.17677959009904,21.982369564639477,19.463,8.498272000209399,33.93963448192486,3.9937100720109435,11.24754278542111,24.0,86.6439105058906,24.554372460771592,763.6884835809462
TUN,2026Q2,ADM2,fixed,رادس,75182.23997497559,70749.41326904297,94.1038911484839,56.54300635356491,46.0,3194.0,720.0,24.384506893722346,32.71257130005685,28.8515,17.64353558148907,39.05857362301851,2.2137611502309826,11.5997289889669,17.434125476531452,100.0,45.35655542919898,3851.6202813260384
TUN,2026Q2,ADM2,fixed,رمادة,12343.248685244675,388.84399342536926,3.150256495198058,0.010801030211385388,11.0,18.0,13.0,14.256667461860834,15.35860710925746,11.356,11.049236910550809,38.230632216788436,3.4600246629052163,13.004519372976782,66.03384891257033,95.47843690392,3.6340413761629464,0.447281549652659
TUN,2026Q2,ADM2,fixed,رواد,142005.7727675438,136855.39002990723,96.37311734779439,55.7125064654181,130.0,7273.0,1660.0,24.771405231331244,26.317000474918324,23.791,17.125128803879306,35.793864436335284,2.090136947070845,14.014465800937165,20.0,96.50761075988362,49.327160264283,2546.7058079716426
TUN,2026Q2,ADM2,fixed,زرمدين,34112.12576478741,18049.859689712524,52.91332417736533,2.847201999779857,29.0,477.0,92.0,12.718026876781916,13.239834416041012,10.547,6.438501037433328,18.572910554473747,2.8846637511574795,5.402331060897249,33.11241524133166,75.89737046632239,1.3667959009881776,135.3831935885644
TUN,2026Q2,ADM2,fixed,زغوان,43377.540041290435,27571.627954483032,63.56199067129673,3.431260959402087,58.0,810.0,216.0,20.506295828210423,21.921418488896723,19.512,10.987848681477516,32.154137408348184,2.9263360226785062,6.2431306543856335,20.0,93.15463528826155,39.80405170087876,105.9494153785286
TUN,2026Q2,ADM2,fixed,ساقية الدائر,81473.0881959796,76877.34885025024,94.35919338828238,34.40741962291906,156.0,3462.0,1011.0,22.400573046021936,23.292826509889714,22.1185,15.361725119846987,32.11686182975579,2.0907067128978607,15.374534353604115,22.545949867766687,98.57846761920055,30.253211260685532,712.6989733860191
TUN,2026Q2,ADM2,fixed,ساقية الزيت,133985.95950770378,127415.13010406494,95.09588211497561,31.751801465592404,117.0,3771.0,1055.0,22.87890011305726,23.8129190205153,22.407,15.720501042136515,35.20131623154009,2.2391981106192533,14.605127885998025,25.0,98.49802660425595,37.29493111299683,1442.5354716030283
TUN,2026Q2,ADM2,fixed,ساقية سيدي يوسف,17431.38690991334,4714.5703125,27.046444077371685,0.2339632708722498,7.0,90.0,22.0,17.42510086219189,21.701960917575995,16.858,12.962603827726333,38.876,2.999088803196026,7.781440867411401,21.450261062357182,100.0,24.830292560463324,23.941964929193947
TUN,2026Q2,ADM2,fixed,سبالة أوالد عسكر,31692.88499888975,7502.192398071289,23.67153510428004,0.7612080708203744,9.0,26.0,13.0,11.297413118062682,13.297750252256277,12.559,6.214425239468871,26.146130425445982,4.207328822525286,4.024065830131908,33.82039943126899,48.73710795815321,13.023169999005885,107.33093532640987
TUN,2026Q2,ADM2,fixed,سبيبة,20703.162565051025,4160.112819671631,20.09409338597529,0.44265062701443,8.0,50.0,14.0,35.71904881350087,34.80715232679716,23.9555,22.655001596550527,48.564550284561896,2.1436568908455245,11.504388843287561,15.0,99.06192911904253,87.8697895859813,46.24553569068471
TUN,2026Q2,ADM2,fixed,سبيطلة,12988.246288668084,3705.0042748451233,28.525823983470698,0.5144003300388279,23.0,185.0,49.0,24.002735814044065,26.442754299378322,18.691,11.41330566603539,45.21299613802238,3.9614286571304897,9.720820487343667,23.433617200441127,92.75147754435002,43.84512196391302,11.64147967499532
TUN,2026Q2,ADM2,fixed,سجنان,39826.07508744811,3030.702434539795,7.609844625374531,0.34383302533872967,9.0,27.0,12.0,15.540015441264213,15.015450789749377,14.582,8.070380185817555,19.659083606304108,2.4359550793966194,5.890956625086215,25.44398259247974,69.8409501095105,6.50187873280342,64.03297288346987
TUN,2026Q2,ADM2,fixed,سكرة,165460.98846435547,164728.43334960938,99.5572641493654,96.50683934067415,113.0,9923.0,2258.0,29.810429050919307,31.020018572868647,29.36,21.648437082937626,40.453005355842954,1.86863398964382,15.509927233411542,21.0,100.0,72.81870830245279,5905.937988530986
TUN,2026Q2,ADM2,fixed,سليانة الجنوبية,30181.831522909626,8233.508266448975,27.279684005257604,0.7403699700612085,15.0,148.0,42.0,44.96978569549094,41.23935695635018,18.137,15.945242137953763,73.54567923612959,4.612390241542461,10.221456887972794,7.593409529260925,97.4839626803605,79.25504491508141,60.93058638497994
TUN,2026Q2,ADM2,fixed,سليانة الشمالية,39054.11439082071,23555.032791137695,60.31383161174454,1.3273571240479196,21.0,366.0,92.0,29.523498047445667,30.682662311914527,29.493,17.428896206702944,50.626173021822986,2.904726290260009,12.452230886197015,15.240220417326633,97.36711812985077,60.01868891170402,101.10381071240342
TUN,2026Q2,ADM2,fixed,سليمان,62774.52650091055,47248.540172576904,75.2670594367471,14.998719642822888,89.0,2824.0,550.0,22.5814208957792,23.767358960208746,20.522,11.498432452227133,38.59944237356368,3.3569308280875583,12.385316250518333,21.542200479301663,91.24740450943857,35.31275855478836,440.1922483151044
TUN,2026Q2,ADM2,fixed,سوسة الرياض,63390.98426818848,63258.158203125,99.79046536885825,68.28668933903155,28.0,1658.0,467.0,34.67050126584656,32.46649170497842,28.2715,16.892443029151632,46.27892792004784,2.739623146289933,15.96687902051949,14.089640812912188,98.71322906556371,68.26707583409154,6285.313919524984
TUN,2026Q2,ADM2,fixed,سوسة المدينة,37266.47790527344,37266.47790527344,100.0,93.78452423737382,24.0,2276.0,797.0,28.277347334463688,32.162449022887635,29.6005,19.926958877100965,46.41432329797976,2.3292226166691554,18.894102480685618,22.388888737220388,100.0,68.87771817044151,5926.073505240427
TUN,2026Q2,ADM2,fixed,سوسة جوهرة,108217.40710449219,106986.14587402344,98.86223366146643,94.79736301170789,55.0,5290.0,1331.0,30.070298597676718,31.189851932044025,29.447,20.460525811502496,45.142747723620154,2.206333705179845,15.454106676940665,19.0,99.04589062391915,64.16370418095164,7588.484717518901
TUN,2026Q2,ADM2,fixed,سوسة سيدي عبد الحميد,52730.61405181885,52248.02459716797,99.08480213377254,74.43126649168646,37.0,1542.0,316.0,19.75210447242711,21.369965880367346,19.969,14.117323963299642,32.062429944319284,2.271140764897863,12.717864097769663,25.618178376382374,94.69578695144935,24.946976782054307,4312.57441114145
TUN,2026Q2,ADM2,fixed,سوق الأحد,15407.442814586617,11438.844009399414,74.24232656291264,0.3403127282091741,22.0,148.0,43.0,15.658584479229372,15.928112423054646,15.844999999999999,6.116159238041372,18.483628985390265,3.0220974088486012,4.9163827813891965,29.423155523003157,80.678781847012,5.673251304424136,9.227214481629257
TUN,2026Q2,ADM2,fixed,سوق الجديد,72468.49275258213,6333.162017822266,8.739193789285219,0.6527836231340526,9.0,25.0,10.0,16.437634267363862,14.68936165727422,17.423,7.745562229313804,21.49012834673635,2.7745085134562535,12.57260523644182,25.03999303499823,53.94525643128013,2.5579928414715307,209.23627125348332
TUN,2026Q2,ADM2,fixed,سيدي البشير,31392.549926757812,31392.549926757812,100.0,70.88165167411566,8.0,1034.0,190.0,21.07682124743148,21.789275335388094,21.0975,17.609149859170323,28.206252185309914,1.6017952263959487,11.9977430436987,22.0,100.0,15.614046505586677,11596.187421113642
TUN,2026Q2,ADM2,fixed,سيدي الهاني,14855.77447663484,1695.9294872283936,11.415961449170833,0.46416399448990364,6.0,23.0,6.0,27.647865749316857,26.282173235422423,24.093,18.35469980336354,31.197579288419515,1.6997052320464803,6.3625184238218715,26.350682379585226,93.20682946609836,74.07812554231586,46.61963993436198
TUN,2026Q2,ADM2,fixed,سيدي بو علي,21462.800032805957,10529.86408996582,49.060998909139954,4.761073031168149,25.0,264.0,46.0,15.945877786402376,18.532457362642145,17.955,9.453527890049553,32.72559455301949,3.4617335383825636,9.331204633077789,21.545395360079276,89.88244986724251,27.856038390924926,166.87743537734158
TUN,2026Q2,ADM2,fixed,سيدي بوزيد الشرقية,41064.73027241691,10258.477312088013,24.98123631650543,1.102992840983543,35.0,252.0,69.0,21.86582470438911,26.686859927157954,18.123,10.414742706309905,48.48718785030089,4.6556299293811945,14.227494263711627,24.971387037854726,90.41531694250654,47.14848685589874,51.640376893241594
TUN,2026Q2,ADM2,fixed,سيدي بوزيد الغربية,23944.179073423456,16294.9522190094,68.05391894640388,2.3097991076307323,39.0,891.0,185.0,25.77674677778877,28.101192872508765,27.988,15.416019994717406,47.67642441017719,3.092654551986468,11.093815434291677,24.0,99.80143068751552,55.487732912656476,56.57121532958395
TUN,2026Q2,ADM2,fixed,سيدي ثابت,28739.449313640594,20232.264541625977,70.39892908464027,16.333733821380303,67.0,658.0,151.0,21.993240720607055,25.256330713108834,21.521,9.347844570873955,45.564502210319034,4.874332458659942,9.06504006201056,22.58502236610645,88.23570661164698,36.29265687196233,293.0155429778974
TUN,2026Q2,ADM2,fixed,سيدي حسين,132725.3818045631,118127.42351150513,89.00138157857904,33.19306352434754,89.0,2945.0,597.0,23.857978160874346,25.35877341981351,25.894,18.622763681746367,33.94325402463669,1.8226754419864726,14.906612701496542,18.0,96.906823669947,41.20379236641797,2061.865966982195
TUN,2026Q2,ADM2,fixed,سيدي علوان,115928.35666969528,37155.68300628662,32.05055611385153,3.1881372533816643,37.0,301.0,97.0,18.648492522654127,18.010279307544973,17.206,7.477708546141626,27.801817364125903,3.7179594781707803,8.960608154102994,30.945505150436954,85.68560615398488,14.654333561000918,401.3819353890615
TUN,2026Q2,ADM2,fixed,سيدي علي بن عون,26191.273351581975,8415.856662750244,32.132292881597984,0.573974968519574,14.0,96.0,25.0,12.11010671228369,12.836474232857505,13.704,6.377411197669505,19.438629155687348,3.0480438775518817,4.4551023344784815,27.341435027646387,71.40267376760724,2.544886269996191,42.609517331850796
TUN,2026Q2,ADM2,fixed,سيدي عيش,114188.07902685928,10189.783599853516,8.923684229293917,0.11421137231741213,2.0,4.0,2.0,20.059261320619967,20.059261320619964,15.8965,12.736861320619965,20.473,1.6073818725540994,12.015494309190883,24.045202521509893,100.0,0.0,257.8073475284307
TUN,2026Q2,ADM2,fixed,سيدي مخلوف,34871.91056375924,2035.5584449768066,5.837243821943809,0.5530789892924249,14.0,36.0,16.0,12.509860214551614,10.770682949776795,6.547499999999999,1.032021246244253,24.039574688975513,23.293681962905985,0.6503269401210792,29.0,53.34461685322336,8.994611008575038,52.926131634560164
TUN,2026Q2,ADM2,fixed,شربان,57051.47449112298,4249.692859649658,7.44887471805991,0.33666967984073254,6.0,14.0,7.0,17.783924555694885,12.572355678308318,11.7395,1.586,18.627,11.744640605296341,7.7458219600290805,25.000420129584487,64.45024430047116,0.0,128.36961327128068
TUN,2026Q2,ADM2,fixed,صفاقس الجنوبية,48422.70511704683,43832.292375564575,90.5201232967337,25.327104620518675,197.0,4676.0,1368.0,24.893841235926875,26.72218725374419,24.884,17.30021154149607,38.32110087755245,2.2150654508261907,14.834265733563528,21.25996525318895,97.87820583906161,48.287560514095965,246.82060211172433
TUN,2026Q2,ADM2,fixed,صفاقس الغربية,122774.71899414062,122774.71899414062,100.0,99.78667389220885,64.0,3370.0,979.0,27.50992952188594,28.34174684524846,28.083,19.140238660535655,38.0119586565017,1.9859709866040878,14.652695677586722,20.0,98.84604436033962,69.568817587984,7580.415323269086
TUN,2026Q2,ADM2,fixed,صفاقس المدينة,104689.60815244913,103744.5962524414,99.09732024344613,65.66131318193345,75.0,4084.0,1267.0,28.440583984111086,31.027118120896304,28.695,18.3768269478765,48.15903766376255,2.620639449909359,16.096102326894687,22.0,96.58761354407349,63.34271549210586,3630.7402563168757
TUN,2026Q2,ADM2,fixed,صواف,14180.31666241835,2634.0333824157715,18.57527899497948,0.6732684304260921,7.0,12.0,8.0,10.118804648653015,12.003049417779206,14.627,6.843279152606275,17.84255529589696,2.6073107494236285,11.212096292112411,31.0,55.049792651552586,0.0,56.02639341946788
TUN,2026Q2,ADM2,fixed,صيادة - لمطة - بوحجر,37515.818099975586,36118.002532958984,96.27406348092536,67.67587659785416,35.0,788.0,180.0,13.91307390766417,15.04437754608876,15.927,9.057588039786722,24.44764364791028,2.699133979213957,5.93665576899761,33.0,88.42529312607748,9.22944116490888,2939.2515633642033
TUN,2026Q2,ADM2,fixed,طبربة,48838.36014918972,32833.24478149414,67.22839317535701,2.672654226211624,32.0,313.0,119.0,23.349413292218223,27.78034089393867,18.1665,14.460717213858425,45.05151675920301,3.1154413776951464,14.121441865488286,16.0,96.16808040221252,45.58367217987773,170.30608126734703
TUN,2026Q2,ADM2,fixed,طبرقة‎,55975.36119354147,29918.940132141113,53.450195754329876,3.575114445158751,56.0,979.0,172.0,17.931962075339108,18.00714592150374,16.566499999999998,9.499939418111639,23.891135883979977,2.5148724462843957,6.768131912965312,23.23329004183635,88.18717229144141,7.012612208132311,149.61313630001487
TUN,2026Q2,ADM2,fixed,طبلبة,37713.68193435669,35110.37387084961,93.09717871610012,56.72113225042287,54.0,1431.0,293.0,19.43337937989409,23.134529073220765,21.5185,13.193378315544075,38.24543546777853,2.8988356547555987,10.54370075258715,24.0,92.37264591134705,28.025899543719934,1604.1809944408164
TUN,2026Q2,ADM2,fixed,طينة,56246.152787119354,46634.03558540344,82.91062281522456,23.956596837282916,97.0,1118.0,287.0,24.02746723490338,24.465059690911428,23.562,10.256188334640882,38.99701816225458,3.8022915424183314,14.970069695523843,20.0,90.04855106699942,43.479247097211704,549.5835739326878
TUN,2026Q2,ADM2,fixed,عمدون,21657.17177939607,5347.540313720703,24.691775861556305,0.4970187363484878,5.0,28.0,9.0,12.024424939610732,13.642788739998535,11.273,9.193940283438973,20.045,2.180240395525194,5.926340090962827,28.671146614908775,92.34169789827381,0.0,89.72318979127819
TUN,2026Q2,ADM2,fixed,عين دراهم,35368.777107156646,11767.583759307861,33.271107235784996,1.3235633377757996,27.0,404.0,98.0,17.10460025051982,16.260511709467455,15.544,8.744097572440188,21.147653188435676,2.418506085189311,6.157366234997547,31.598546668876455,89.47845333257405,0.4664169836300944,72.27799427728208
TUN,2026Q2,ADM2,fixed,غار الدماء,65562.14040389773,27682.31054210663,42.22301220120155,1.1919400203962358,25.0,361.0,74.0,19.423013059573595,20.14778197020894,18.815,9.580503904020302,28.002098083131365,2.922821008546402,10.960614203147127,22.0,87.41471120732884,35.70396909623913,129.24113935541197
TUN,2026Q2,ADM2,fixed,غار الملح,20788.772518634796,11611.43431854248,55.85435267105903,8.147545149708192,32.0,303.0,66.0,16.725516624783452,17.595495846003725,18.09,6.610497655035658,27.154856761674065,4.1078384985112875,6.923331717228743,26.98015298861254,82.09245744397687,24.313982837042293,222.82709148341573
TUN,2026Q2,ADM2,fixed,غزالة,27032.797446984827,2233.952423095703,8.263859585663683,0.4095158647227918,7.0,38.0,16.0,14.295071199651726,13.216769113557811,14.681,5.56984792264039,19.34429312012885,3.473037933674619,4.81571502404693,23.17128200736329,67.33427635659841,0.0,66.43873583635546
TUN,2026Q2,ADM2,fixed,غمراسن,9956.572732892833,6127.770812928677,61.544981162893414,1.6385873311371952,43.0,622.0,107.0,28.72201344943726,28.72786638694288,28.022,12.322010711953558,47.84486504933637,3.882878060065486,11.329530965696435,36.352052625337315,98.60957479852608,66.63818959447654,14.442501186688956
TUN,2026Q2,ADM2,fixed,غنوش,10238.05735206604,9561.390697479248,93.39067333462202,30.591800640213844,24.0,217.0,76.0,18.843118339122423,17.811361330534826,19.497999999999998,7.612983919455253,26.467456229629057,3.476620535344955,12.33948885823757,31.0,81.65683979270433,8.563907621753042,507.0743396863784
TUN,2026Q2,ADM2,fixed,فرنانة,47644.984255122756,6098.483352661133,12.79984335812941,0.9234309926141542,15.0,198.0,29.0,19.685632448822354,25.56781177872078,8.928,4.248270796848772,61.05984644925043,14.372870602915103,7.6768021787453335,24.0,64.26636024819513,41.97122418720205,121.94434196693896
TUN,2026Q2,ADM2,fixed,فريانة,44890.33978881064,22174.737488746643,49.397571043278035,0.6490497524192206,26.0,415.0,93.0,14.068336952070496,13.40581126155615,12.651499999999999,7.636468210915766,19.294731636699918,2.52665644690559,3.819499575620567,32.256596848065605,68.44164908696129,0.0,44.61328572303415
TUN,2026Q2,ADM2,fixed,فوسانة,25523.29140734815,3719.8062257766724,14.574163521503111,0.3264400819033242,12.0,68.0,19.0,12.009245127585414,10.258119543850231,4.5725,3.5071795142324973,12.718,3.626275743339923,3.241756190787202,44.65528514599786,64.39734891680077,0.0,27.8981560453918
TUN,2026Q2,ADM2,fixed,فوشانة,89565.45497894287,80640.5237121582,90.03529734886855,46.48291400034644,75.0,4364.0,693.0,21.68693030534068,24.33616891247132,22.613,14.05750335038656,40.32858138834377,2.8688295768561773,11.363288481658747,18.860656554518428,94.20016850364482,29.993397701067583,2309.4244982293976
TUN,2026Q2,ADM2,fixed,قابس الجنوبية,33877.43893579402,29394.010459423065,86.76573962728368,6.592143935827222,75.0,2379.0,622.0,25.075680058987672,26.35969795412806,25.099,18.468546137201944,34.77113385719722,1.8827217691573628,13.886919319800558,22.426974454363258,98.27756415746592,50.36985534456716,115.4638106804411
TUN,2026Q2,ADM2,fixed,قابس الغربية,34063.63491164385,23332.00328063965,68.49534214759962,5.007989087401313,30.0,297.0,97.0,16.005306730998882,17.932005387863562,19.554499999999997,8.784245169037964,28.726462734846436,3.270225521038424,5.364565284218453,26.135054600838313,86.76637367910506,19.053065441456198,220.66168923597988
TUN,2026Q2,ADM2,fixed,قابس المدينة,83375.16030883789,75584.11309814453,90.65543360656363,53.67925353140647,35.0,845.0,244.0,22.718332616237177,23.620471638105393,22.289,18.350076105281673,26.662695149467808,1.4530018838337966,13.961172770302344,26.0,100.0,13.024902090233542,4962.9299036691855
TUN,2026Q2,ADM2,fixed,قبلاط,16581.26305459314,66.75994110107422,0.40262277295324134,0.1167345298568786,2.0,3.0,2.0,35.10508018482885,35.10508018482884,58.7935,14.653,102.934,7.0247730840101,4.353382351258667,101.97612462728206,100.0,23.167023691200654,40.072751062119565
TUN,2026Q2,ADM2,fixed,قبلي الجنوبية,24319.804988489766,13499.751930236816,55.50929350225491,0.3855731898275224,17.0,72.0,30.0,38.24349805203038,34.6150448033689,34.882,12.315218081271325,43.45879874475783,3.5288696032796105,16.36743629319841,21.238524270461276,89.8167146416991,85.46056063624012,21.249351894051163
TUN,2026Q2,ADM2,fixed,قبلي الشمالية,50538.62721689618,35632.07028961182,70.5046263656707,0.6373597543775671,45.0,376.0,109.0,21.484859313184295,20.908634647322234,18.975,10.890744071655057,32.02355488389698,2.940437739900942,8.91799511988141,29.0,90.91238260633766,26.7049144843423,27.672066025892182
TUN,2026Q2,ADM2,fixed,قربة,78103.71889597178,54369.12852859497,69.61144654457559,11.55876935745108,99.0,1948.0,454.0,20.882224319394002,21.873012488169284,20.468,9.242505947333358,34.59465704538771,3.742995378365858,11.041715111762391,20.973403245573287,89.71209255066175,28.295158515135803,378.2692972630323
TUN,2026Q2,ADM2,fixed,قرمبالية,81175.68037480714,52747.03983306885,64.9788700131904,7.161624620896324,90.0,1464.0,363.0,21.00570431985774,23.923578892095378,19.259500000000003,12.377160542477299,36.65826304267733,2.96176678947239,12.45163707143154,25.0,93.39836284440625,31.802649103812563,268.1391481372591
TUN,2026Q2,ADM2,fixed,قصر هلال,29294.907300949097,28090.43034362793,95.88844250317138,43.934647694743894,39.0,1779.0,415.0,22.388362053902323,23.016803039995793,22.355,18.011441829458505,30.80870331827929,1.71050733250518,11.150488169054011,24.774179099289448,100.0,33.38432679547914,1336.5552503969573
TUN,2026Q2,ADM2,fixed,قصور الساف,54657.85226243736,36475.81095123291,66.73480468294994,9.885041132319387,88.0,956.0,271.0,20.682057837276805,23.56570967815675,20.277,10.330137932248354,39.07777491540664,3.7828899451007976,10.896447864872952,24.0,90.23171296138298,31.538359614354867,247.01073787555157
TUN,2026Q2,ADM2,fixed,قصيبة المديوني,83702.46408820152,79054.07676696777,94.44653467270031,27.538765346868566,41.0,885.0,228.0,16.016017606249044,16.905805888735028,15.886,8.18267535134445,24.6609987623692,3.01380632904094,9.959825525967068,30.0,86.63528214449825,7.9875403669750185,2277.886580372742
TUN,2026Q2,ADM2,fixed,قعفور,17875.81532392253,10377.536489486694,58.05350022607824,0.7355575210796146,14.0,176.0,30.0,14.059652856916557,14.184873973537721,14.719000000000001,10.545198904930576,17.59634902989023,1.6686597558309475,4.0204527579249625,22.744363692808,92.72932895690869,2.3797911921679584,38.67150923637203
TUN,2026Q2,ADM2,fixed,قفصة الجنوبية,28676.374809635094,25386.378522872925,88.52715411692573,2.237488492795218,66.0,2114.0,527.0,24.210862099892747,26.48248171326338,26.171999999999997,18.08423674218849,36.46840222985753,2.0165850928494455,14.612956344145598,23.1245628703911,99.1229200661409,41.366581162561246,38.21344011318876
TUN,2026Q2,ADM2,fixed,قفصة الشمالية,41135.624912659805,1147.406177520752,2.789324776168962,0.1895827422127438,4.0,9.0,4.0,26.617071154354075,24.493192881807655,27.9635,12.244765574696924,28.98916007881965,2.367473668807839,10.554956461448535,23.0,100.0,80.45512850666162,76.91615518882767
TUN,2026Q2,ADM2,fixed,قلعة الأندلس,30009.753984935644,19942.70254200697,66.45406874050965,5.918931953359203,47.0,540.0,136.0,20.977696663899337,21.501210316387848,21.798,9.617164432361081,30.276479407913193,3.148171128907287,14.129,19.0,88.04684740280895,27.909142104441532,158.44522723147574
TUN,2026Q2,ADM2,fixed,قلعة سنان,16653.358974326467,5968.921730041504,35.84214895771748,0.6227439708096272,13.0,53.0,19.0,11.863246107666336,11.14516424460664,12.408,6.110559078641142,18.080220139404528,2.958848757816966,4.82935202119491,20.384875528623198,57.50617201218425,0.05734684704502908,32.41706152981808
TUN,2026Q2,ADM2,fixed,قليبية,64147.84935584701,50376.05934524536,78.53117423437617,12.567096234749577,66.0,2474.0,651.0,21.796815802552327,23.085732796041142,21.093,15.13512813538149,33.517914566624,2.214577522358,12.669983172491705,25.0,96.23018702873993,32.17073812197808,510.14858308185677
TUN,2026Q2,ADM2,fixed,كسرى,16895.464438069335,2385.7989959716797,14.120943550956376,0.39582962913314457,7.0,18.0,8.0,18.815341292613883,19.33395000357614,17.76,10.027241318468887,29.027,2.894814144597877,6.27848142620234,25.503399999865163,92.7193563615193,21.0115749968423,38.83937830963245
TUN,2026Q2,ADM2,fixed,كندار,12238.993430585579,4694.300643920898,38.35528363132963,1.2314075145621743,8.0,39.0,13.0,18.173782787774268,19.821003395217403,16.886,4.033031452936699,42.301744043417465,10.488820763501597,5.996288218572251,29.342270991614633,86.05901441947414,16.97104434547572,76.84640544431782
TUN,2026Q2,ADM2,fixed,ماجل بالعباس,22798.41918120402,6651.119733810425,29.173600506889045,0.17083282242039116,6.0,11.0,7.0,10.658,11.463595082927455,10.658,8.328989163605527,16.729929177863827,2.0086386053864937,0.8322392404914504,36.371251653067155,55.65243613849245,0.0,25.717507002401486
TUN,2026Q2,ADM2,fixed,مارث,62749.679427745265,24248.943410873413,38.64393194039419,1.3216477729326597,51.0,233.0,83.0,11.968861988737343,12.924147185800503,10.161,6.147334057314309,21.45111093945471,3.4894981693619602,2.9947918477327455,35.0,64.80801689079358,0.8038368611330707,62.721979593658666
TUN,2026Q2,ADM2,fixed,ماطر,48325.566232494086,27499.752910614014,56.90518509046086,1.5575842515902867,37.0,898.0,180.0,20.52493254577359,20.00593203528101,16.557,8.977522312088016,26.234825437316093,2.9222790571059387,7.5972836004687565,22.200149677156098,88.67264396803898,14.376180584764656,85.38249815919082
TUN,2026Q2,ADM2,fixed,مجاز الباب,46328.03697306722,26892.58961868286,58.04819581351322,2.289138263566939,44.0,588.0,133.0,16.663890438805208,15.291081103637705,16.7795,8.679971878729937,21.670266578957065,2.496582579035715,6.993324764664345,27.567361358238625,82.77965292914928,0.13164059710770132,100.16059701284064
TUN,2026Q2,ADM2,fixed,مدنين االجنوبية,90918.35056567412,54354.07425940037,59.78339237482993,2.415355888573784,68.0,536.0,165.0,20.900779773049404,21.063411501314057,21.314999999999998,9.302232108780348,28.226535831388123,3.034383092284397,16.238838572830026,26.0,88.51499544793248,32.33012696572677,123.83464417192813
TUN,2026Q2,ADM2,fixed,مدنين الشمالية,27002.026646301216,20631.31777381897,76.40655290089154,4.83889451715364,62.0,686.0,182.0,21.952901019392346,23.0948867554343,21.104,7.965611882893284,31.432127056170987,3.945977725034998,14.642295528343967,31.0,86.9441791422041,30.456314793794554,80.7749207165935
TUN,2026Q2,ADM2,fixed,مرناق,69481.48681336126,39416.71164512634,56.72980451757766,6.309769748475582,105.0,2298.0,445.0,22.36276413085795,28.549549970981616,22.278,8.224260163322759,50.02389892439793,6.082480117480539,10.10387359571337,19.0,85.2654487410864,42.42316923779524,173.53525602912532
TUN,2026Q2,ADM2,fixed,مساكن,107917.90605598704,87667.76911735535,81.23560984575991,9.63676390526478,130.0,3191.0,897.0,22.496872213935024,22.972556612061183,22.5035,10.566587817961164,32.28959529893006,3.055820464960691,15.33945907281791,24.0,90.27703472126181,35.39157243449775,324.5667128456529
TUN,2026Q2,ADM2,fixed,مطماطة,68159.76384775719,18558.225341796875,27.227537617719516,0.10423318115384422,5.0,113.0,7.0,18.252935538789956,17.823541641007633,9.665,5.665411268444165,26.68,4.709278591760005,4.591756463273801,50.83673368918352,74.77023295466124,37.38511647733062,54.69953132284464
TUN,2026Q2,ADM2,fixed,مطماطة الجديدة,61225.15652575866,26194.574941635132,42.78400649023175,0.4132552091702893,12.0,92.0,25.0,14.40896913096614,25.304355137113248,14.563500000000001,6.660473371380574,49.18,7.383859563394071,11.873576870007543,39.49739281249908,73.89122470534357,43.74784845971981,81.40756539569342
TUN,2026Q2,ADM2,fixed,مقرين,24697.796759605408,24695.64521408081,99.99128851230925,69.70141454958627,31.0,1629.0,424.0,26.801926209865304,33.19210948718454,26.238,21.371003460212155,53.08680383854787,2.4840576128015313,14.496689805976052,17.0,100.0,54.704080067003304,2314.5057136111686
TUN,2026Q2,ADM2,fixed,مكثر,30149.12713034756,14444.037414550781,47.90864210463884,0.7144971011345295,10.0,83.0,28.0,11.57239477960339,13.385593610209252,12.217500000000001,7.870874927874069,24.482664607667587,3.1105391499697452,4.832117197013738,29.59302794230325,52.798790673179,0.0,87.70038022603998
TUN,2026Q2,ADM2,fixed,ملولش,100275.8781619072,22447.37205505371,22.385615031772435,4.047519070744704,26.0,54.0,32.0,8.748485964922686,13.901521042423058,9.882,5.9676502692846505,28.06037128827483,4.702080387099906,4.472393445483287,26.136233283566895,44.60008207969038,27.10151527940757,624.7174470446255
TUN,2026Q2,ADM2,fixed,منزل الحبيب,4649.053019269202,10.977911949157715,0.23613221668277218,0.02682924431979829,1.0,2.0,1.0,46.742,46.742000000000004,46.742,46.742,46.742,1.0,59.073,15.0,100.0,100.0,4.878973127422948
TUN,2026Q2,ADM2,fixed,منزل بورقيبة,65397.00153267494,56131.34754180908,85.83168375657657,9.852401506608706,53.0,1238.0,343.0,22.747718999603272,23.085801417254796,21.287,12.70241144585652,33.66754223972326,2.650484310261064,12.086550085510286,23.0,93.67551775137443,42.13291013324606,511.6616941873895
TUN,2026Q2,ADM2,fixed,منزل بوزلفة,43831.670268595626,23829.191738128662,54.36523771990894,7.190495590497924,40.0,839.0,177.0,20.369257446537993,22.46489892167289,18.58,8.672749099495999,35.3567222037125,4.076760643953968,8.219754045740217,27.25924458428941,87.61229532569357,28.49030648776753,327.66094981864387
TUN,2026Q2,ADM2,fixed,منزل بوزيان,24521.063653806334,7261.609750747681,29.613763306798813,0.6845885770617707,15.0,86.0,31.0,10.726196145656393,10.656339367735397,10.785,6.76466100345795,14.311065176172194,2.1155628003911335,0.7977061196126817,34.068870937093905,57.69766509941613,0.0,44.187566169948205
TUN,2026Q2,ADM2,fixed,منزل تميم,73136.403723572,50275.3076428771,68.7418372837948,7.472023956659114,82.0,1011.0,324.0,23.371260099962228,23.146057041275782,23.4405,11.990226428849207,34.4670658121858,2.874596740663376,9.91173736973608,22.0,91.38998866472862,43.17930273883952,277.8532968428733
TUN,2026Q2,ADM2,fixed,منزل جميل,52071.15077859214,44664.24028015137,85.77540463828974,17.267844291201545,58.0,1131.0,262.0,23.121775907657753,22.713555062483508,22.439500000000002,13.437321338309733,28.663906624490245,2.133156296766499,11.361287194574935,23.0,94.76923630986326,44.76494802322865,653.9987064416758
TUN,2026Q2,ADM2,fixed,منوبة‬,71877.39859008789,71537.1597290039,99.52663999009711,85.69856919612037,43.0,3676.0,775.0,28.207856964925607,30.263464104872266,27.746,20.877533187931377,41.88167182787367,2.00606419594074,13.705229790150229,16.69460145139266,98.17548315609721,71.59388954995325,5976.497640139117
TUN,2026Q2,ADM2,fixed,منيهلة,121817.57667922974,120399.87573242188,98.83620985948444,70.52134325154212,68.0,3932.0,872.0,26.602213875036473,27.631631121132877,26.5715,18.028387346285488,42.67593177283363,2.3671519228605016,14.553096495952623,18.42401607437289,99.18206178594531,55.784099260451015,5277.69410092245
TUN,2026Q2,ADM2,fixed,نابل,90311.8038517237,83910.24397277832,92.91171297003919,25.499865047298208,78.0,4122.0,1096.0,24.600110229167786,25.22963603480725,25.165,17.76060792051825,32.46802912511434,1.8280922179248769,13.868247251160753,21.0,98.23837718796315,43.349487408476314,1220.467667472318
TUN,2026Q2,ADM2,fixed,نبر,26490.056370598162,6175.831727027893,23.313773442485275,0.5063998540913565,15.0,64.0,23.0,14.151259545915499,16.05576183672486,13.719,10.722730421085153,25.58894428067673,2.3864205548205044,6.727017139171993,32.68760940543658,93.09461757092689,9.90026146504464,36.835373924956514
TUN,2026Q2,ADM2,fixed,نصر الله,77629.15647185422,14386.945785522461,18.532915259408615,0.5084367855819251,14.0,82.0,24.0,8.847495346997988,9.823179601727114,9.698,4.03591373323144,17.76737002465468,4.402316600168969,3.7863774055349713,29.286460338039543,44.347006952216645,0.9192668619208626,113.31066542804375
TUN,2026Q2,ADM2,fixed,نفزة,47363.222261908755,12040.616882324219,25.42187019232373,0.99522020375858,25.0,152.0,40.0,13.569914107440187,16.460593816405122,12.738,8.972579562676676,23.886188622955107,2.6621317154226984,8.812782164379772,27.725926462479226,88.3532098997378,7.685339154099218,78.99526258028374
TUN,2026Q2,ADM2,fixed,نفطة,34390.81192074167,27179.64990234375,79.03171918413258,0.23556588489775088,15.0,370.0,65.0,20.288530480036172,23.34196214703103,20.633,10.51429120673361,41.712959097696604,3.967263059157293,6.456692550533594,22.03088754646229,94.45331524094459,37.04929552545791,20.95216770879468
TUN,2026Q2,ADM2,fixed,هبيرة,57643.63413669724,10213.955772399902,17.719139199618,0.6327046390033797,8.0,18.0,8.0,16.901135202631483,17.713772784571898,19.353,8.839882177132615,27.897094500447974,3.1558219828555374,5.973443839890246,27.217059851591184,75.8309343530551,7.081149220151607,182.52260641933833
TUN,2026Q2,ADM2,fixed,هرقلة,10167.170485377408,6459.123604774475,63.529215075758714,5.796868318310177,20.0,336.0,74.0,24.213040656980482,25.492324720454125,23.73,21.4731005818278,27.967261394162882,1.302432375221627,18.09967190452264,19.82609861949867,98.30796683570682,38.56306692925426,120.49370268790118
TUN,2026Q2,ADM2,fixed,واد مليز,18045.4808786518,4889.130809783936,27.093380568028444,2.782734880795442,23.0,154.0,31.0,17.813943257640936,21.255858233721042,17.03,11.812772358340679,31.745050520164213,2.6873497225864926,10.531685161330953,21.662336306177327,92.27062272511122,38.81001904351859,90.29445175253011
TUN,2026Q2,ADM2,fixed,وادي اللیل‬,79747.44778442383,67591.53423690796,84.75698735792,29.341734732379383,70.0,1377.0,370.0,19.652546662188115,21.31831025409184,20.947499999999998,15.106875553835616,28.08732251019923,1.8592410065275142,10.581729087154468,22.0,95.4139832575431,23.621317900119315,1395.3843841985147
TUN,2026Q2,ADM2,fixed,والد شامخ,10968.053848342139,814.5207643508911,7.426301653998616,0.6108691517089878,8.0,16.0,8.0,14.652927350110701,12.95112260815139,7.908,3.9982146514879413,21.016724776200597,5.256527377383101,7.800747894442156,25.329158156646635,66.9168408121925,0.0,33.77085748849318
TUN,2026Q2,ADM2,fixed,‫الصخیرة‬,17169.30031101052,2862.0349617004395,16.66949095103801,0.33648222550085827,12.0,47.0,25.0,11.064655053395153,14.757947509953654,10.503499999999999,9.578544564332352,30.30094732722709,3.1634187348314686,5.282340793490254,34.05492358880451,66.74740597390262,15.84889853088273,18.865247015921113
TUN,2026Q2,ADM2,fixed,‫المحرس‬,107491.06098463385,56183.38653564453,52.26796165280768,2.8161730001780425,48.0,266.0,86.0,18.637630656149657,24.833825862142266,17.4755,5.146338723673584,46.74252733550155,9.082676023729658,7.769444191198557,28.2445573425758,66.80337451869882,25.04307041486049,248.59581713858006
TUN,2026Q2,ADM2,fixed,‫عقارب‬,33020.99127697126,9749.623143196106,29.525531385229684,1.031129846508517,30.0,248.0,78.0,30.39457953600442,32.50290386553536,29.495,16.645685924601068,46.62242366859921,2.800871281591033,10.126540632754875,13.0,96.83687529443125,87.95458852318637,44.944265504834746
TUN,2026Q2,ADM2,mobile,Balta Bouawene,41615.08888280431,12111.24789428711,29.103020609650972,1.376927878328813,17.0,89.0,29.0,55.77674352630733,56.529319907939986,24.56,1.898056113099791,143.9867161872429,75.86009454277537,15.075134829674237,17.602382438022506,82.05467256980556,61.38439336755061,140.06702720538607
TUN,2026Q2,ADM2,mobile,Bou Salem,35503.90578969939,18409.00451231009,51.850646014419695,3.0338179389587276,36.0,183.0,85.0,128.56030161383154,144.60976507207099,52.146,21.72195764163692,347.2181182444876,15.984660497584967,19.20983648259116,21.0,94.8802799541017,84.46040263937084,124.11188450329938
TUN,2026Q2,ADM2,mobile,Carthage,21079.038299560547,21079.038299560547,100.0,93.41719170408403,32.0,291.0,133.0,62.85256832173959,73.56841961360043,60.62,11.931540524131103,161.38860079165713,13.526216540542658,17.42363081357597,18.0,96.00578603315888,69.46754193670566,2570.5930085780797
TUN,2026Q2,ADM2,mobile,El Hencha,18136.837417857165,4776.398152142763,26.335341945779465,2.1879540979112346,46.0,216.0,74.0,28.601547081707654,35.08188957444981,34.5725,7.372791877656882,64.35218428472258,8.728333222010615,23.368741630991806,23.81025343700512,85.34543089261814,56.75186738151739,34.42950941144734
TUN,2026Q2,ADM2,mobile,Jendouba Nord,48800.5226723084,27020.944727301598,55.370195333244844,5.639418080401055,70.0,208.0,121.0,61.56950880480546,53.3242135873657,25.372500000000002,4.705215749703466,90.89267779080355,19.31743040614701,9.971513144594853,25.0,77.87098763596386,69.99215798576105,162.8505815670336
TUN,2026Q2,ADM2,mobile,Jendouba Sud,72771.38484597269,51463.13022994995,70.71891010302524,5.346406572213507,56.0,340.0,182.0,65.73997836490007,95.01626413153053,51.4945,19.028115704534507,234.59419801073724,12.328819188062438,18.76850455208102,21.0,92.49461964000726,86.64027358160658,287.49279624008176
TUN,2026Q2,ADM2,mobile,Kerkennah,98534.16439245676,62619.627895355225,63.55118377616144,7.150141002913676,43.0,132.0,63.0,44.20692512270525,65.82615774117727,44.985,19.5501334919986,173.32414868318872,8.865624818067158,25.2725289680405,21.0,98.50051676007331,77.9258609893632,648.3425445513233
TUN,2026Q2,ADM2,mobile,Menzel Chaker,55962.647374580854,6686.114901661873,11.947459985066423,0.4143716959022586,27.0,96.0,36.0,29.543094408731708,31.352972459951594,36.034,4.479911019834873,60.56231741152289,13.518642924688086,13.215036936512291,23.0,78.01313743253415,52.603631603703974,34.20828082288885
TUN,2026Q2,ADM2,mobile,أريانة المدينة,124034.18511581421,123808.08511352539,99.8177115429285,78.673279259495,61.0,1344.0,716.0,98.28132546381651,99.40424242704775,94.52,44.347394430492386,152.4435978820557,3.437487136273299,18.914234084186482,19.0,98.10471593677124,94.79285955311418,6683.281605622385
TUN,2026Q2,ADM2,mobile,أكودة,41215.53884887695,38078.553173065186,92.38882770084845,36.81213333066066,67.0,456.0,221.0,56.09534963128423,79.39904888594307,39.193,9.679739204298597,202.1733567042242,20.886240056389397,13.998407600509307,20.0,89.26081502960453,71.14944267159929,923.0307868826119
TUN,2026Q2,ADM2,mobile,أم العرائس,40703.911822956026,27858.411650180817,68.44160770432228,1.0146399152286776,39.0,201.0,82.0,74.56834732286254,96.94682087587584,48.99,9.107307471525456,246.12649281658383,27.025165625088768,17.467314308725165,22.0,91.92349714999689,81.94953221782153,41.74292680586941
TUN,2026Q2,ADM2,mobile,أوتيك,21414.120897144665,3771.917955636978,17.614162046408925,2.415900576202079,38.0,88.0,47.0,35.53613181933212,44.483593919760416,31.908,13.24097574140679,74.63874374021493,5.636951928459989,14.14448704511279,22.0,97.24077462316795,64.9451420946574,57.145851121834724
TUN,2026Q2,ADM2,mobile,أولاد حفوز,36990.07251018504,6396.462871551514,17.292377217671792,1.6598079623113804,28.0,97.0,37.0,15.990491272499568,23.984918835209804,17.363500000000002,2.5659618680442047,62.958241450887236,24.53592246827677,10.276900887985233,26.61959896924383,55.056923697446855,33.55007451998056,87.57940668249016
TUN,2026Q2,ADM2,mobile,البطان,21785.457276553534,8230.820808410645,37.7812625364032,1.9929046696868482,13.0,62.0,24.0,51.213698983782464,49.56518829070818,36.462,13.16975287886913,68.97730630042813,5.23755509574536,22.09209572282042,19.4834309555088,90.79719829297132,90.79719829297132,139.27081956535122
TUN,2026Q2,ADM2,mobile,البقالطة,55522.193950653076,35203.03575134277,63.40353874097711,15.344991267358786,25.0,126.0,69.0,34.07543284060889,59.512612070467476,28.784,7.2870472099446,126.48750845722603,17.35785494632299,10.953184742197974,25.0,85.9872397170458,59.22888368655171,1378.854402518362
TUN,2026Q2,ADM2,mobile,التحرير,16879.7607421875,16879.7607421875,100.0,100.55263524061455,7.0,164.0,88.0,64.2231417320689,75.09527541832819,63.884,49.29045768635374,117.0559646570832,2.374819998668639,19.778135757375903,19.883855571209285,100.0,100.0,10120.33040084393
TUN,2026Q2,ADM2,mobile,الجديدة,52188.23486998763,24326.929599761963,46.61381949469204,4.73409952403195,36.0,210.0,70.0,53.96716109855808,59.95610783547929,33.626000000000005,10.748254803271832,115.36861507246984,10.733706744405701,12.818931814402276,17.194528725295616,93.56975382506259,69.92787680795936,286.68125695381707
TUN,2026Q2,ADM2,mobile,الجريصة,9545.94239959014,2600.3477783203125,27.24034641600142,0.7093297047612603,5.0,7.0,6.0,19.54640483897623,444.719208370084,19.789,8.337571588695095,1139.017,136.61256013014534,7.576257355439576,19.50719487251249,90.93430211585178,42.45597192523616,55.12146977204087
TUN,2026Q2,ADM2,mobile,الجم,42536.8048420661,22718.702910900116,53.40951910998452,4.60488134364808,53.0,205.0,91.0,24.854071157680856,66.39551158087255,16.837,11.75502701600358,173.13360443605356,14.728473545857891,21.514794184528874,27.615420340794323,93.84561505015063,43.6211002092289,148.3962475571961
TUN,2026Q2,ADM2,mobile,الحامة,16539.208393383684,8597.375185132027,51.98178159827351,0.4292498403014316,44.0,171.0,86.0,72.9657751327585,78.75058133356497,48.614000000000004,4.47806192683489,169.30183148897365,37.8069428817919,18.60385774142147,24.0,79.96909793478872,62.0111810392584,6.259637862517327
TUN,2026Q2,ADM2,mobile,الحرائرية,117219.92641258275,115130.1131439209,98.21718599164934,42.752817690382635,43.0,438.0,255.0,51.97979099715307,55.92317604443876,50.749,16.43477563222735,122.75356064203856,7.46913516734163,18.046199076552394,21.0,97.81311820210745,72.28862508363237,4859.424619164388
TUN,2026Q2,ADM2,mobile,الحمامات,106733.52911466363,92030.12948656082,86.22419800969293,15.997213304045017,215.0,1642.0,835.0,80.34842187608095,96.50235644402707,50.18,11.63655668562054,195.2906890613681,16.78251516642304,19.369247068930108,23.0,90.8693075453365,77.78540799084269,327.9290091295807
TUN,2026Q2,ADM2,mobile,الدهماني,29397.029520405482,14258.327980041504,48.502614762979064,1.0801712028254202,24.0,70.0,44.0,63.623901029418924,67.62715425367554,19.134999999999998,7.285621798260575,147.35287335675392,20.22516093162207,21.85640416358876,35.36154618626036,85.54842226072878,59.14926090549386,54.00322458089618
TUN,2026Q2,ADM2,mobile,الرديف,16663.086614829117,13581.523314237595,81.50664776687219,1.387426183350628,22.0,95.0,41.0,26.024852577702227,91.04772724722105,25.93,6.317254789165717,323.8953895818555,51.27154126145837,7.407932175877924,26.208954099861778,62.92914356463173,53.25875806795876,41.26860768972358
TUN,2026Q2,ADM2,mobile,الرقاب,49594.034668206645,13419.736075878143,27.059173881815997,1.140530044368749,47.0,155.0,89.0,90.49571845851895,126.93371001564445,26.52,5.182057641294291,309.39210426736355,59.704489159269286,25.807037117245024,23.0,88.34219995219766,71.93628300999909,47.805282519485395
TUN,2026Q2,ADM2,mobile,الروحية,25905.399026076815,5649.348352432251,21.807609860575862,0.22600759782138155,6.0,9.0,6.0,25.524233507814486,25.974762678033397,27.875,9.749052646974203,66.25287924560405,6.79582741469417,27.17595995106858,26.630278634444853,98.76020496006626,38.91268168748257,39.52315910757153
TUN,2026Q2,ADM2,mobile,الزاوية قصيبة الثريات,57080.056020736694,52020.14865112305,91.1354197554126,23.61992967757363,35.0,181.0,79.0,31.17701734020266,74.84260826525657,21.366,3.3363044440238836,188.45969765272716,56.48756005774695,14.749059121545441,23.20435888823484,75.3003922873968,55.42644265600024,1565.2799406150014
TUN,2026Q2,ADM2,mobile,الزريبة,28726.729784483487,16216.28186404705,56.450149340723584,2.502494065261559,36.0,258.0,105.0,13.472977173839753,24.066319678268133,20.4015,7.766059465618736,41.76763237592601,5.3782272155957935,17.773385818381843,28.34716965111197,78.48879863429721,29.955731366237824,82.29296735968379
TUN,2026Q2,ADM2,mobile,الزهراء,33838.2633972168,33605.134033203125,99.31104808400762,81.41735254982987,24.0,301.0,160.0,57.50014900302887,88.44874083413326,71.714,32.558329493446365,181.96466014162868,5.588881953487699,15.159726665568382,18.0,97.36934622017945,95.61116495764264,4780.972578519517
TUN,2026Q2,ADM2,mobile,الزهور (1),36464.1748046875,36464.1748046875,100.0,94.02287935052651,11.0,156.0,81.0,48.85544256893063,53.203716380201975,63.241,18.303384002009505,102.18321639207902,5.582749964752991,15.028317146083122,19.28808211559193,100.0,67.02827860488853,12998.141238026952
TUN,2026Q2,ADM2,mobile,الزهور (2),80767.6845703125,80767.6845703125,100.0,55.17551366444713,7.0,29.0,20.0,47.54093475976738,54.668680818307834,62.631,14.054315329638667,118.96575660800212,8.464713777776089,14.405144597081557,27.0,100.0,64.7999886709197,25473.788993918617
TUN,2026Q2,ADM2,mobile,الساحلين,31848.370816230774,26105.600688934326,81.96840221299553,20.26787652050069,35.0,188.0,87.0,36.12709432245562,96.11971660077342,20.384,9.93892821120769,243.06492365932212,24.455848608024812,8.912516638347803,22.0,88.06928704333143,56.340006254225294,748.6752046442865
TUN,2026Q2,ADM2,mobile,السبيخة,42194.81089603792,7292.0999183654785,17.281982697664382,0.5039843312765239,22.0,77.0,35.0,23.644554152530205,27.107230620915146,34.1185,6.962307332607736,49.80129789056458,7.152987581763569,10.340175815903498,24.0,73.10552935355283,39.75641088811804,39.45778811641511
TUN,2026Q2,ADM2,mobile,السرس,23757.046635899922,11585.29339003563,48.765713885196384,1.7490548317644614,31.0,166.0,72.0,38.95628381994714,40.208078903352224,12.699,5.157786642756276,73.41867610774864,14.234531436243035,11.111538389870613,24.137766575579445,88.79642131123762,65.35926709726601,54.8513371818324
TUN,2026Q2,ADM2,mobile,السند,31567.23310316968,11545.531357169151,36.57441664093727,0.7923028047776051,24.0,91.0,43.0,100.99885108388416,113.58612884700591,88.267,14.317196055345828,259.80573751044864,18.1464119444981,22.587225444614134,27.621470938159963,95.81692578538873,80.62329853476406,41.08225683050732
TUN,2026Q2,ADM2,mobile,السواسي,26125.178257420877,5524.648448944092,21.146835418720297,1.9311696944404029,27.0,78.0,40.0,70.93806331783166,61.28399310797301,15.852,4.669594900170877,115.36546570984214,24.705668944777308,26.541189453896724,23.806683102569398,62.00382879623738,54.43143546296175,75.12817254216878
TUN,2026Q2,ADM2,mobile,السيجومي,28089.153076171875,26681.7568359375,94.9895383587472,132.2241670004436,11.0,89.0,55.0,42.91906196551049,44.37676460692353,44.605,6.161169110475016,93.42173530951763,15.162988328089401,16.173781943158296,20.93810182927949,81.19392289279153,74.27512369788478,14079.148537939736
TUN,2026Q2,ADM2,mobile,الشابة,79344.72049349548,59264.52865600586,74.69246635113454,6.94324687628183,33.0,165.0,91.0,30.533559161027284,59.80095528230536,27.094,5.822637431323605,147.06000676636535,25.256596946125768,5.938859458202969,23.0,74.07030876290874,51.47359102881973,669.2276590162508
TUN,2026Q2,ADM2,mobile,الشبيكة,36216.84747417558,6600.4800453186035,18.22488843079198,1.0598548488209607,22.0,43.0,23.0,11.351035043334269,24.069698548888454,13.02,6.682239558991647,64.22052069858368,9.610628312803948,11.696985971786376,23.0,77.26856686222564,26.331117929946718,70.64940062800844
TUN,2026Q2,ADM2,mobile,الشراردة,73080.66988480091,5929.280746459961,8.113336612549462,0.3790314401989007,5.0,9.0,5.0,59.993411589816176,60.271014578641264,69.075,7.802443910278663,94.86720170927977,12.158652186439312,25.689394204254548,33.980762348028186,91.2458771856167,83.97163293555245,221.27705455814282
TUN,2026Q2,ADM2,mobile,الصمار,15134.38566133178,2000.063048362732,13.215356692494463,0.15874592648255703,12.0,25.0,13.0,12.620046841650126,23.270822552341393,18.692500000000003,5.540664655610013,64.18926899539287,11.585120736444532,10.622106034963268,27.924402794028303,88.46486815385856,15.318763958188732,7.591410272840751
TUN,2026Q2,ADM2,mobile,العالية,30489.892952919025,17219.113046646118,56.474822897000706,7.251165879188841,26.0,73.0,48.0,41.82960376134831,68.11319791357974,28.987000000000002,5.772736579642305,174.293419042998,30.19251210208482,9.285228891335521,24.618963697525924,85.22222060933545,77.26625860950948,358.13663941258886
TUN,2026Q2,ADM2,mobile,العامرة,40629.66910707982,18535.077892303467,45.61956397787568,6.8136691388904005,49.0,207.0,67.0,9.479418338364164,23.12901466618857,9.248,2.4122939569833255,47.67448296290677,19.763131613746488,4.060134894986292,22.0,48.283960207155566,36.19265559969193,224.95559208067075
TUN,2026Q2,ADM2,mobile,العروسة,10881.854985031712,1733.1081185340881,15.926587157410438,0.3359577648362894,5.0,63.0,8.0,52.742220638023305,54.07972816517448,47.178,40.43353766659955,74.81707765019749,1.8503717945016902,38.76149778040611,59.96213811425883,100.0,100.0,30.177236179902167
TUN,2026Q2,ADM2,mobile,العلاء,34525.26710373304,5565.545562744141,16.12021000741908,0.4786793950920179,7.0,49.0,12.0,26.592911370167176,30.646055573313234,11.305,10.435666833669435,68.87560223513263,6.600019273604415,11.813687500931646,24.0,91.50353768790248,72.131564290064,95.56844676779474
TUN,2026Q2,ADM2,mobile,العمران,41540.14111328125,41540.14111328125,100.0,91.56100788460176,19.0,264.0,136.0,54.97707309795635,62.81610675273052,55.577,26.275667126844425,105.06587661774992,3.998599773339715,12.939809664417067,22.0,100.0,91.08148481198474,8353.885045546587
TUN,2026Q2,ADM2,mobile,العمران الأعلى,53101.7705078125,53101.7705078125,100.0,95.70767562539983,13.0,447.0,166.0,61.97349549734175,63.20740474813941,58.042,25.15914175971928,96.43069815944698,3.8328293977752494,16.5572066520189,19.208381611611003,100.0,90.84453789346043,16320.839748916436
TUN,2026Q2,ADM2,mobile,الغريبة,39614.99763733154,7452.521359682083,18.812373606351386,0.7048580588721357,12.0,23.0,12.0,62.66811243543659,79.41756410212706,21.246,5.916324431842444,139.6797477634892,23.609210308297875,11.86015064414069,29.22048851201889,88.25114784662745,87.56835404001374,91.59359657204988
TUN,2026Q2,ADM2,mobile,الفحص,51431.77092254958,19522.867139816284,37.958769044168264,0.7255396053357568,28.0,113.0,44.0,13.416192049642445,18.989409337027638,11.653,2.7971516074884235,46.42741893231266,16.598106019001264,15.705243490779246,24.788875141184644,57.499801636323426,27.62589955241493,54.975545463440724
TUN,2026Q2,ADM2,mobile,الفوار‬,54871.127926186586,22321.575484276396,40.68000117348361,0.02406353774977865,9.0,18.0,11.0,47.34920098286958,57.13018226184267,47.364,39.61883461245348,100.07313335754611,2.525897955768994,26.19265722804134,29.0,100.0,99.73282105963791,5.62508147287998
TUN,2026Q2,ADM2,mobile,القصر,26321.843357233265,22174.033323287964,84.24194697289133,3.431866616498666,38.0,192.0,100.0,59.94173298260839,109.7720966828436,52.7755,12.196084573027575,282.3595638519632,23.151656760106395,16.943464664530744,26.0,96.36105769662205,72.36501619293286,93.3949960958642
TUN,2026Q2,ADM2,mobile,القصرين الجنوبية,23546.567144053508,2426.1770668029785,10.303740039726723,0.25972956636596733,9.0,31.0,10.0,10.638718093804453,18.055179525262123,10.367,4.75238679557079,17.32151591292344,3.6448034762378856,15.669245758365307,29.48197478931321,93.03388374460943,8.015600178625021,27.20608755359256
TUN,2026Q2,ADM2,mobile,القصرين الشمالية,25342.853236638017,21087.003201961517,83.20690257352774,9.96565866568831,39.0,203.0,124.0,157.76735258256048,250.16678784586912,43.936,15.157645666796881,539.877,35.617470672415244,26.896759854484152,22.923660184987753,98.49982940297573,80.36418448723659,259.2120745405415
TUN,2026Q2,ADM2,mobile,القصور,14810.738657528553,4460.77068567276,30.118488947918028,0.5349430068023684,10.0,66.0,15.0,52.131405437172184,53.64843359592211,35.707,17.045669062436726,86.254,5.060170984433611,16.88806323402068,22.411868557251214,100.0,82.56763635771446,32.272309281540224
TUN,2026Q2,ADM2,mobile,القطار,40913.573483159955,28931.03189086914,70.71255191819694,0.8194011212259664,30.0,140.0,46.0,44.56732926919462,87.08412867885191,65.21549999999999,11.173111273916682,200.167531244582,17.915111228854183,9.950486426527968,28.195534906937105,98.59611753269554,66.51283561440823,43.83166950798035
TUN,2026Q2,ADM2,mobile,القلعة الخصباء,6915.072563654838,2850.8980272422414,41.22730457271515,1.44027322296089,12.0,53.0,13.0,46.065548417558674,53.280652146362684,32.774,36.34824116296031,72.223,1.9869737211273069,10.455276365875056,20.635742330253525,100.0,97.1540249312183,33.647327560639376
TUN,2026Q2,ADM2,mobile,القلعة الصغرى,46330.2679155174,31714.746631622314,68.45362234782176,8.837029866762286,37.0,158.0,100.0,62.866399306552104,99.00327373711684,50.028,12.155882507635981,272.44276645614235,22.412421828279562,17.642336382629264,18.38185565770722,93.54488522368493,77.19738088870119,450.1058867198932
TUN,2026Q2,ADM2,mobile,القلعة الكبرى,64575.99886459131,46237.73572921753,71.6020449426929,6.533470891011209,62.0,357.0,137.0,35.67619775126476,51.813903602364306,28.261,4.0391787849039,122.97214195404818,30.444837553030954,9.643655412618553,21.328290080966287,78.10085732654443,57.85274099307565,277.2456838568042
TUN,2026Q2,ADM2,mobile,القيروان الجنوبية,78056.458802924,48896.094886779785,62.641958957210775,2.472008116900322,52.0,311.0,143.0,44.40444587658278,66.23465508002258,34.3835,3.8090871249690275,157.29941439735688,41.29583000773077,18.06936437038082,19.634409027451614,86.56313144914921,72.63904257852937,150.2378890805993
TUN,2026Q2,ADM2,mobile,القيروان الشمالية,39516.071732000055,31865.026795387268,80.63814392153515,5.794427570711413,59.0,332.0,202.0,74.97315655189149,77.57816744074795,41.007,9.960899999513572,135.0843131404573,13.561456610050696,15.55180246253046,23.0,89.69631090915989,80.03270966341331,157.35681310842332
TUN,2026Q2,ADM2,mobile,الكاف الشرقية,41433.61404283255,29441.312819480896,71.05658895467228,2.0996243107400456,34.0,200.0,98.0,44.0107018638579,82.22613119306192,34.801,3.4663245458491714,185.84610854458347,53.61474555725865,19.89270650828857,25.01639626028101,85.09357575762739,76.448154522024,105.00204268781631
TUN,2026Q2,ADM2,mobile,الكاف الغربية,43323.7222630183,36939.28796958923,85.26342160844544,3.426928725827302,30.0,155.0,75.0,37.58369168401418,68.48398375432353,35.967,12.8304719190885,178.06986159295823,13.878668120385756,21.142664637571116,21.678424795346107,92.10723842641593,57.473357612330446,202.99086971950962
TUN,2026Q2,ADM2,mobile,الكبارية,76373.57215118408,76073.17575073242,99.6066749374286,73.33849771068283,31.0,490.0,195.0,52.240528555242676,69.74585314825254,52.185,17.460321183607622,106.63981380480234,6.107551670064331,15.705156698555015,21.0,96.76583034255242,78.97213831533746,7525.736639591033
TUN,2026Q2,ADM2,mobile,الكرم,90260.66711425781,90260.66711425781,100.0,96.99417832276258,39.0,696.0,421.0,94.89217992489908,101.06388707007126,95.223,48.98289907479057,180.27905776140165,3.68044891516402,21.395087364551507,20.0,100.0,95.70358924445794,9375.463995035932
TUN,2026Q2,ADM2,mobile,الكريب,21019.85371889008,7726.964487075806,36.76031522584647,0.7405348550165127,13.0,27.0,16.0,35.556912801047154,83.35739717015475,71.52,13.374599080351596,252.74511570888075,18.897397536213585,8.423504935019277,26.440082682394834,98.90957569755463,38.59068976070766,49.352193273701005
TUN,2026Q2,ADM2,mobile,المتلوي,21720.83792748426,17008.431091040373,78.30467290361258,0.7338966187291006,28.0,107.0,54.0,50.881341707899246,100.11511006088425,48.2825,8.547448112591603,256.10552409733106,29.962805357080942,17.510824011438793,22.0,87.44221641168613,82.25284741992542,22.316698957851372
TUN,2026Q2,ADM2,mobile,المحمدية,89223.72459933192,75271.66516375542,84.36283679231099,12.601624456244606,51.0,339.0,156.0,42.62825874762802,64.87175162746857,36.351,10.926271502741232,139.96427764507976,12.809884653695901,17.40949243152976,19.0,91.1374434333864,74.63755769866765,916.3984068953814
TUN,2026Q2,ADM2,mobile,المدينة,18505.5810546875,18505.5810546875,100.0,111.60202316168402,7.0,151.0,99.0,76.21741014531308,79.62939358183633,79.335,29.851,138.403,4.636461090080735,19.886092141195327,23.36848331136379,100.0,100.0,12305.208387850382
TUN,2026Q2,ADM2,mobile,المدينة الجديدة,67689.00079345703,67689.00079345703,100.0,89.1353846213588,30.0,397.0,213.0,69.09629534540265,77.5353112886642,68.8135,37.230218858059516,144.2022766048103,3.8732589017159027,22.57122708551681,18.0,98.76935768626338,93.08213304222623,8374.813329806217
TUN,2026Q2,ADM2,mobile,المرسى,100309.27582168579,96871.41090393066,96.57273478490022,67.9712669924799,87.0,826.0,527.0,69.40174926932531,80.94525422872414,68.23,14.994371202199389,152.82195145115895,10.191954660208951,15.946637567810898,22.0,96.31312730850094,87.47665866098207,3276.4121475688676
TUN,2026Q2,ADM2,mobile,المرناقية,51140.18887799702,33814.46231842041,66.12111347318279,5.7873612647177355,63.0,302.0,127.0,24.150684882988667,36.20298339353635,24.19,2.1744850406746985,104.90224563634789,48.242339530557935,7.743603841403597,20.0,81.263591981291,49.66400531494117,195.62655778338885
TUN,2026Q2,ADM2,mobile,المروج,124478.97229003906,124478.97229003906,100.0,81.15816182557633,54.0,716.0,416.0,84.7966950189789,103.48244779234649,72.819,16.895279879084686,174.97049502419557,10.356176179170506,20.652161337133368,17.0,91.94853674780336,82.27510631713831,7787.073225278182
TUN,2026Q2,ADM2,mobile,المزونة,20723.78659659318,5542.474207878113,26.744505315400467,0.29017988705391523,13.0,41.0,15.0,29.37122108329514,26.98257380103316,23.726,8.731074946617847,48.13617595923635,5.513201553479144,11.079207797240565,28.0,76.72009851270103,50.21118918770527,18.248889643611598
TUN,2026Q2,ADM2,mobile,المضيلة,15665.267252593083,12412.561496704817,79.23619365415011,0.6339738875216955,16.0,101.0,46.0,120.36404623259897,121.37843445280264,98.25999999999999,28.137760274673635,229.18186071574127,8.144993008630625,27.658638668667507,22.0,97.33843880644959,91.28724123623543,24.309927686804194
TUN,2026Q2,ADM2,mobile,المطوية,85521.14399495962,34703.49323374033,40.578845900126936,1.75864200321144,28.0,107.0,59.0,127.82445676191378,195.8834877326356,89.13550000000001,20.3657168310531,572.2464834771179,28.098519105626163,24.280116089624446,24.0,91.84588237301689,80.5055297751085,208.94181835783513
TUN,2026Q2,ADM2,mobile,المكناسي,27533.513552518267,6794.250542640686,24.67629323689882,0.4871877369107285,12.0,23.0,13.0,11.34710413354475,30.218659363344386,28.7815,3.081574684224043,68.0779603874005,22.09193914264742,17.173,26.64958758233261,58.933592845723894,31.63465982992183,44.141912911019595
TUN,2026Q2,ADM2,mobile,المكنين,99682.3539454937,62650.48209953308,62.85012303560805,7.898448656232956,63.0,268.0,146.0,46.692555648370956,59.070184334095806,23.78,4.271850458170324,146.35848989890428,34.2611454525473,11.309475566002813,24.0,75.57281545041397,64.1162039416699,505.18193333365366
TUN,2026Q2,ADM2,mobile,المنزه,43400.45910644531,43400.45910644531,100.0,97.98503141594786,41.0,585.0,365.0,112.81332149923279,112.46455924620545,93.581,45.3346076054713,171.99618323577155,3.793926810453166,18.56833998248077,19.0,96.72063975080356,93.22674875872235,4330.567161642014
TUN,2026Q2,ADM2,mobile,المنستير,119072.71086832881,114063.94486236572,95.7935231595577,42.43375593988701,107.0,981.0,550.0,76.70021734232748,87.64030503504232,40.88,8.56490687497261,164.7212608130455,19.23211346224617,15.868579368232728,22.0,88.09763899910627,78.94219654728083,1917.7239308898477
TUN,2026Q2,ADM2,mobile,المهدية,24914.738419786096,18648.337364196777,74.84861791439543,15.250594837176497,102.0,847.0,418.0,73.10985733188626,67.89166165052286,35.708,8.510197439088829,119.96455118501352,14.096564979091472,19.78444227151421,24.0,88.13594866631573,75.25590912021993,150.30040941616875
TUN,2026Q2,ADM2,mobile,الميدة,31113.44240063491,9470.486248016357,30.43856776138374,4.253982373923265,27.0,154.0,31.0,13.780504036906349,16.28624771687318,7.423,1.6775721164206059,24.871565314887974,14.825929133798324,8.172320719977819,25.040044279706002,57.468128188274925,6.30213715755013,204.01048791404236
TUN,2026Q2,ADM2,mobile,الناظور,33202.44015223771,10878.232684135437,32.76335303747935,0.8196679011767031,12.0,26.0,17.0,12.71727206356583,16.952289445228413,8.981,4.05040218093166,34.83635939664822,8.600716136449265,21.63165698354313,24.487855239819428,62.90938330637312,31.47712082535154,92.90109374903322
TUN,2026Q2,ADM2,mobile,النفيضة,56476.562284503045,23458.945378303528,41.53748817098341,2.796349838427763,44.0,142.0,78.0,31.992933367294995,34.9336892475312,20.5525,6.628697808228906,59.537828799372456,8.98182878776912,16.923239791665136,17.0,82.40957215644555,56.90370077916249,147.13013771473283
TUN,2026Q2,ADM2,mobile,الهوارية,44766.47945185853,20019.891432762146,44.7207188903281,5.310912759173052,69.0,365.0,140.0,19.994311196784427,39.259244756639404,19.223,3.1276293493998817,84.81553323553027,27.118153643047368,10.242477474301177,29.0,69.73893639012844,43.999312710409114,144.53457004209753
TUN,2026Q2,ADM2,mobile,الوردانين,24528.747126579285,17084.220447540283,69.64978830503686,5.27858464989718,11.0,31.0,18.0,89.83475750638215,99.04270443196825,33.125,7.06632775285349,219.56070757699493,31.071401618518614,8.775181408264837,20.0,83.23895388180837,83.23895388180837,477.46367700312334
TUN,2026Q2,ADM2,mobile,الوردية,38643.89219093323,38634.077392578125,99.97460194147472,79.39098526121766,13.0,181.0,80.0,55.735263846372305,68.87999703304129,73.631,21.730897442926306,147.25751993863534,6.776412263938488,13.662710198781545,18.0,97.50621228609663,81.5004460499999,9836.407621477863
TUN,2026Q2,ADM2,mobile,الوسلاتية,30084.18967218555,6664.023008346558,22.15124648847632,0.3220532475693252,12.0,21.0,15.0,68.16814884109118,101.94255373279752,36.725,6.553482173248107,354.0571832589802,54.02581008067328,42.68662548432035,18.70720141981212,62.83331076602092,62.67632569376433,32.88975520823368
TUN,2026Q2,ADM2,mobile,بئر الأحمر,5386.238705869895,3209.78661441803,59.59235729601105,1.2845971963413976,12.0,31.0,16.0,120.68619759378652,132.7321268453229,32.705,31.756817258716072,255.196,8.03594383911247,44.176125490602075,24.0,93.33365894666284,91.55169282295581,21.999958800713298
TUN,2026Q2,ADM2,mobile,بئر الحفي,28178.27667108207,10737.590881347656,38.105917571485485,1.6108146212206131,33.0,189.0,47.0,15.485380548071038,37.27729296850111,17.273,3.8086511387519826,50.25092027964947,13.193888977743358,14.072852525855705,27.82222086754619,55.51486941177082,33.24801525585927,54.6982103180362
TUN,2026Q2,ADM2,mobile,بئر علي بن خليفة,38073.19834717171,5223.341026306152,13.71920735073777,0.5234993140371558,25.0,103.0,36.0,35.498322586814446,67.86113070747786,27.277,2.1606663560268777,152.35807360972376,70.51439162957396,16.868598885704728,28.0,77.9657827417522,69.35243057435869,31.592897011730148
TUN,2026Q2,ADM2,mobile,بئر مشارقة,27885.659742009197,11045.673195838928,39.61058586395515,2.0293629738964807,45.0,129.0,71.0,24.60330301635447,48.37869545332612,21.42,3.724487332403821,136.771533167745,36.722244153659474,18.03792933350907,25.12913502447839,75.43355387369863,47.8734246623216,52.07567853032869
TUN,2026Q2,ADM2,mobile,باب بحر,34822.446746349335,34684.75722646713,99.60459550448839,54.422563896068944,25.0,1154.0,597.0,84.81159495121081,82.75127756921317,80.411,50.59894916120505,128.38816945901914,2.5373682969182334,22.19860267025399,21.0,100.0,99.99683957181314,3161.881216817846
TUN,2026Q2,ADM2,mobile,باب سويقة,21290.68408203125,21290.68408203125,100.0,77.03004826994244,7.0,151.0,108.0,44.68272252807831,51.69139001192457,42.714,27.67083754497355,103.61755061972048,3.7446481499271695,21.435112598036756,20.0,100.0,100.0,9773.806508856851
TUN,2026Q2,ADM2,mobile,باجة الجنوبية,41139.254531339815,24887.86124777794,60.49662671650603,2.0435542258612296,31.0,155.0,75.0,100.8961878611842,145.1268486240242,103.963,8.974738371043461,269.7797698447649,30.05990355275377,17.834588218472618,21.26742669214364,89.49283343255635,85.46178623889897,112.79047189229252
TUN,2026Q2,ADM2,mobile,باجة الشمالية,77292.31361148425,50685.929052352905,65.57693344144104,2.077521772761393,37.0,135.0,82.0,27.988399809661207,32.47134455408715,26.277,3.36038592717601,54.67313726712461,16.269898295006442,14.289088413650163,21.435348742497634,79.93407089913578,65.5597679344681,180.76460606861963
TUN,2026Q2,ADM2,mobile,باردو,86177.70458984375,86177.70458984375,100.0,106.13957900222438,30.0,649.0,326.0,78.17429178090288,79.26270650024067,81.92500000000001,32.8503258345476,128.75912707923968,3.919569252607777,17.581451399437526,21.0,95.37889919954164,93.11169187589569,12720.720906644574
TUN,2026Q2,ADM2,mobile,برج العامري,19842.423977613515,7006.873891830444,35.31259033541311,2.9027335151305387,21.0,67.0,31.0,62.90323517640677,146.24187253291115,43.185,21.251074839017924,393.07679513347887,18.496795955551963,22.391882746835897,17.96578455870613,96.10109021874294,75.09356671128171,114.11151498120206
TUN,2026Q2,ADM2,mobile,برقو,12776.964580814218,1397.7827033996582,10.939865212576052,0.27243305434220955,5.0,14.0,8.0,248.48443885175215,239.0036976429631,73.253,39.97159580026954,526.113,13.16217152372116,45.96569526895516,24.437786878308522,100.0,96.19463301149796,28.503879368587913
TUN,2026Q2,ADM2,mobile,بلخير,53242.83066493299,9911.816833496094,18.616246938246007,0.15144699181466897,5.0,10.0,6.0,11.89375042900988,42.64878377698056,20.494,8.238,113.31042720138515,13.754603933161588,18.07749435180259,26.865462964766515,42.726368765304755,36.56146822116493,63.200870195330324
TUN,2026Q2,ADM2,mobile,بن عروس,36847.316162109375,36847.316162109375,100.0,92.62472861370088,25.0,366.0,193.0,79.46668103272484,84.75088667062651,77.302,19.365828287026986,145.50384300706932,7.513432467256832,16.268466569600655,19.521281898782483,96.18077434118634,76.9748411185027,5686.718931585419
TUN,2026Q2,ADM2,mobile,بن قردان,87637.1087115808,47594.30722108514,54.308395063238535,0.5071883114881484,93.0,289.0,159.0,48.63354363063884,83.65609659686606,31.824,6.2636558292139,238.25987428264682,38.03846839275472,16.693312580563216,29.0,84.71305777547985,76.11606823860018,18.230567061037664
TUN,2026Q2,ADM2,mobile,بنبلة,37581.63877618313,24006.478240966797,63.878210271608985,8.573836372321525,17.0,57.0,27.0,10.492266276905045,20.558235071846255,17.26,1.1714953238374366,60.70896487336256,51.82177311173535,6.399695731735395,21.756724213819854,48.33942762837739,14.441276397961165,768.3230113159462
TUN,2026Q2,ADM2,mobile,بنزرت الجنوبية,64250.37358910619,34980.54116857052,54.44410548065912,2.5786424664668206,44.0,132.0,73.0,79.83395353496994,110.5991436218496,36.9985,3.855078798812744,310.638947255022,80.5791433759253,15.591083066491665,21.15183513774197,69.20957903966242,63.60243741782835,158.92260940684952
TUN,2026Q2,ADM2,mobile,بنزرت الشمالية,96967.80351591202,91555.36439800262,94.41831317028725,28.636894334656585,66.0,754.0,381.0,68.7090382676512,79.43228201501401,59.909,17.034323254270998,172.45196071665393,10.123792894056724,16.790156249963406,20.0,96.73183072159054,85.0562891810675,1777.9183331892948
TUN,2026Q2,ADM2,mobile,بني حسان,15474.749686837196,7613.257230758667,49.19793460203427,3.4218386328316295,12.0,26.0,16.0,25.76590434723372,43.914204199556394,13.5425,7.145883341628538,97.636,13.663251319989904,26.927254482582807,22.24072738924793,68.03965302652074,53.24808325669059,178.21795672899
TUN,2026Q2,ADM2,mobile,بني خداش,81361.8605637018,2982.499710083008,3.665722107900761,0.17308215224576262,9.0,15.0,9.0,18.18655558417213,34.129986125321174,33.448,13.60290101936736,76.26088958761737,5.606222487323818,24.69675185079601,25.926767588218695,94.5226912438194,34.05956973505434,59.84478732326592
TUN,2026Q2,ADM2,mobile,بني خلاد,42558.68844997883,26381.046794891357,61.98745251724147,7.784975310822062,37.0,145.0,67.0,43.37961410328707,62.39051369157851,18.195,5.991741153988652,141.76803025303988,23.660573213959033,16.46118684115811,19.4057848612743,82.00018740512326,61.92118346251556,371.9266037290044
TUN,2026Q2,ADM2,mobile,بني خيار,49396.926092028625,34043.22772979736,68.91770485145847,10.455737084513682,46.0,198.0,103.0,48.93139141564095,82.75214572085385,29.631,10.368040475756994,208.52089897415374,20.111890907614264,11.337569972823555,23.0,90.16422283498054,65.65566082447592,464.5317557468521
TUN,2026Q2,ADM2,mobile,بو عرقوب,34804.69690624004,14487.981435775757,41.62651229173108,8.010440980793518,43.0,254.0,78.0,21.282825315311978,56.5006459507332,16.831,3.8188379824564325,82.23567287632517,21.53421361527043,11.940769867197321,24.0,73.74633262571437,42.41504078154237,268.5190129988208
TUN,2026Q2,ADM2,mobile,بوحجلة,24388.258036196326,3043.0562257766724,12.477546453954435,0.5404499050910085,15.0,37.0,23.0,111.18077260027363,97.71741163660298,47.304,15.355070780227539,136.29333079768847,8.876112181338236,28.66261609964955,26.877724473591933,98.24152317934602,78.94855456960799,35.37282467502521
TUN,2026Q2,ADM2,mobile,بورويس,11855.828624130834,1426.450340270996,12.03163764840242,0.35336181426716706,4.0,6.0,4.0,25.081653388360976,24.16412028535475,12.0875,6.104702140597151,31.283,5.124410541173423,31.27094288648384,17.074036749883174,92.61129966625946,46.30564983312973,42.98495166898153
TUN,2026Q2,ADM2,mobile,بوعرادة,21981.329516844336,10910.941467285156,49.63731360709588,1.0200393012616773,16.0,92.0,25.0,40.10279658443527,99.64181249280863,27.6265,3.8604305996355563,316.8147768112068,82.06721209833837,25.73967191604776,30.0,89.67837723592945,74.76246891412359,57.75242385942834
TUN,2026Q2,ADM2,mobile,بوفيشة,30050.646119465076,12371.539463043213,41.16896326907808,3.986636967485408,43.0,121.0,64.0,11.579610758772144,13.441384963245728,12.577,0.9275238491914067,15.376212420109876,16.57770032923088,11.299561956062682,23.58346709588379,50.607946950411474,7.045025319317051,114.74437425854138
TUN,2026Q2,ADM2,mobile,بومرداس,26196.59100165969,8890.92461013794,33.939242741831,3.1145330278342667,24.0,85.0,28.0,21.880992828458936,90.66307720664351,7.7675,3.5825934484197575,403.15170191330253,112.53068697792888,14.087954355864982,30.265641349532125,58.01303190793256,31.466541248247914,136.9646288478337
TUN,2026Q2,ADM2,mobile,بومهل البساتين,53974.88480758667,50850.03732299805,94.21055274924942,52.40035988692214,44.0,555.0,260.0,75.91282762649331,73.95501074601722,67.85499999999999,16.738303842955723,120.34805716666558,7.189979241374196,14.604107028976427,21.0,94.58976630832365,84.69661204978576,2675.679531741014
TUN,2026Q2,ADM2,mobile,تاجروين,28433.573213326228,12276.146905273199,43.17483002635639,0.7828491714200602,23.0,57.0,33.0,58.729859744365605,170.51067570645392,42.537,18.66818548016367,544.223251837359,29.152445073766625,21.112260799210375,22.370969686772014,96.68851798488372,77.21187878003506,39.459659881266425
TUN,2026Q2,ADM2,mobile,تاكلسة,25422.774510114446,5180.630882263184,20.377913040931354,1.2046364291834062,14.0,41.0,20.0,20.056417673710865,22.81765460989019,21.435,2.991170177046876,50.71916284194723,16.956294640521346,6.016497881150942,24.0,54.687105542787805,32.428437876873346,91.27502254973732
TUN,2026Q2,ADM2,mobile,تالة,45359.26892522119,12128.272720336914,26.738245584009423,0.3798778382178414,11.0,37.0,16.0,29.673961324689543,101.5813320074132,20.268,8.63022391246568,250.539,29.030417117928547,27.85966581652091,23.381490802492806,89.42406614558462,40.113879816042775,63.292902249414446
TUN,2026Q2,ADM2,mobile,تبرسق,22160.213090720663,10666.184321641922,48.132137890444135,1.5273137522165061,25.0,131.0,55.0,61.61129603901988,73.13649098581178,33.83,14.482810307993894,150.9162047879549,10.420367427215117,16.241353671386587,24.0,98.60388125575726,80.18204234593004,55.966754378622674
TUN,2026Q2,ADM2,mobile,تستور,36459.2232054393,14487.764450073242,39.73689831085549,0.9743556692806341,26.0,89.0,48.0,182.7630533269756,189.3349228872009,53.444500000000005,14.633029061971827,393.42238866700876,26.885915896212563,19.6351509049379,18.0,93.3097973884552,79.34393260374542,56.678802455128796
TUN,2026Q2,ADM2,mobile,تطاوين الجنوبية,7995.709617023669,4745.153715610504,59.3462487120292,0.30544239148211166,22.0,74.0,45.0,36.84761999195354,57.72084027623276,32.680499999999995,6.1850556464133595,151.1287087003214,24.434494585017863,20.011446633072804,25.331717565681398,78.9234698528345,70.98730860591138,4.211857773521827
TUN,2026Q2,ADM2,mobile,تطاوين الشمالية,16120.093971017555,10543.41933721304,65.40544587500008,0.3988191364368217,43.0,186.0,73.0,24.32811223511034,58.98906578907428,26.72,6.108051884411382,127.44602800079764,20.86524974125679,12.97975909246807,30.0,82.87031795456782,49.83534440133972,5.678780119578054
TUN,2026Q2,ADM2,mobile,تمغزة,5461.3123335874325,2899.777428150177,53.09671469101582,0.457717820130662,16.0,69.0,33.0,35.01460422841142,49.533253586208524,47.8035,25.084002529072013,89.1886267747079,3.5555979023419213,14.918672614506017,27.851147481459034,100.0,97.52176443320623,6.135740544207638
TUN,2026Q2,ADM2,mobile,توزر,6958.121212782502,6321.888799667358,90.85626142950277,1.4137002702876664,45.0,328.0,165.0,50.093319885033374,66.48088063011622,54.171,13.766368421295773,149.42159990963398,10.854104389541648,13.713389258801595,28.0,97.50558172903582,80.71466431913235,8.489883543346636
TUN,2026Q2,ADM2,mobile,تيبار,12291.158047576337,3910.4289016723633,31.814975338661853,1.269246700990706,6.0,11.0,8.0,24.877029201008604,33.31538814136253,41.6935,13.869911176749772,53.228529258046606,3.8376979188788143,6.6344164980368285,25.71740900526461,100.0,59.791473628143244,107.61588594021167
TUN,2026Q2,ADM2,mobile,تينجة,28622.71998768382,25657.308197021484,89.63965761486563,7.756138746362531,19.0,127.0,43.0,57.25581997728813,100.45695086663865,36.366,14.712863802896553,274.99612560369707,18.69086326684802,19.556677151809616,18.086267867645304,90.51601296159379,86.69351297366933,491.91187295769373
TUN,2026Q2,ADM2,mobile,جبل الجلود,20928.16778564453,20928.16778564453,100.0,91.33101548515836,20.0,192.0,86.0,73.15058600200904,71.35392110958526,65.5315,11.034134807007803,126.82744538103991,11.494099682422904,19.166417406286712,18.96638456946267,94.1649806162138,85.2140202427645,3982.7662013824624
TUN,2026Q2,ADM2,mobile,جبنيانة,55752.30412790224,25429.474864959717,45.611522721323865,7.333001496298413,74.0,341.0,109.0,39.98009149827529,56.866476925132574,26.604,5.288751730956,127.84917339963755,24.17378994202237,21.00985347777258,23.0,86.68026462581486,71.66685616244759,220.52016252922405
TUN,2026Q2,ADM2,mobile,جدليان,40879.2025060914,7677.13232421875,18.780044261075744,0.08992741269255525,1.0,1.0,1.0,88.748,88.748,88.748,88.748,88.748,1.0,70.511,30.0,100.0,100.0,148.67481061610047
TUN,2026Q2,ADM2,mobile,جربة اجيم,66431.60213181376,30625.13505935669,46.100250598488074,6.161715547316089,38.0,94.0,52.0,52.0775050241514,111.5430161386386,40.051,11.089259209954495,393.53449149324337,35.487897256471314,15.719396042610938,30.0,96.17854956531875,72.53469170267657,416.7052313807895
TUN,2026Q2,ADM2,mobile,جربة حومة السوق,26232.741817831993,20593.25325012207,78.50210013550159,28.034921201781724,177.0,994.0,520.0,43.556713019538904,69.70755551488661,31.719,8.174379643980918,140.13643574003555,17.143372566898446,13.71252541387176,30.0,88.26091793553661,67.24647821313454,161.11566131934825
TUN,2026Q2,ADM2,mobile,جربة ميدون,27717.195499010388,21454.20773124695,77.40396293706175,23.739796487489308,174.0,700.0,387.0,26.40412809877637,56.42539645629267,25.074,3.600445175697994,127.72287190755185,35.47418879466512,10.898864293395064,32.0,74.14051316460326,50.23782611772219,146.44406448496454
TUN,2026Q2,ADM2,mobile,جرجيس,74523.62300685974,48154.75156211853,64.61676126197727,3.1073841325478524,106.0,376.0,177.0,57.95158609425292,118.28770452483167,52.2695,12.67084842336801,336.92225391190385,26.590346806654267,9.590704160969919,27.0,96.12731965564831,80.96677543485401,84.07005755251302
TUN,2026Q2,ADM2,mobile,جرزونة,24088.655364990234,20593.80062866211,85.4916985469955,50.42039889271335,14.0,84.0,50.0,37.096394371632684,44.34910877927492,34.085,10.968378172803721,94.35176164690832,8.602161610442563,24.320501331767964,24.0,88.34559462314024,81.37527373922217,3662.5454840788852
TUN,2026Q2,ADM2,mobile,جلمة,43414.632240580766,6114.2163009643555,14.08330782829767,0.8552236768462278,23.0,45.0,26.0,23.237379650518335,92.81577833802113,22.86,5.20854044406633,365.0738355642874,70.0913892259753,12.07288604886794,28.27434016642683,69.62218199690223,50.74867048623754,64.85803134921638
TUN,2026Q2,ADM2,mobile,جمال,75823.60901743174,55892.78574562073,73.71422498864577,9.0196150385805,57.0,281.0,132.0,20.29527308596898,43.13960017606414,21.698,4.7137992892180725,120.30152733304193,25.52113909648402,12.37561704364507,25.635906875474316,73.52321163964683,40.51663483618916,485.59991965225436
TUN,2026Q2,ADM2,mobile,جومين,26595.764452795433,1096.3923645019531,4.12243222580772,0.21582582375377832,5.0,9.0,5.0,97.40423848987567,102.85967686089562,34.386,28.35779836066089,140.078,4.9396641522891285,17.548313531324542,17.30330883403508,93.4144916640421,93.4144916640421,48.061141042659294
TUN,2026Q2,ADM2,mobile,حاجب العيون,30584.98746945187,9171.313652992249,29.98632470309988,0.6325292400795804,15.0,90.0,34.0,58.189065107185186,54.515948961930725,21.225,8.559589104988286,130.13157114426386,15.203016120064323,25.89871969042127,29.163245282996694,89.05350894244751,67.13098218387721,51.93353411572084
TUN,2026Q2,ADM2,mobile,حاسي الفريد,42397.250361576,81.67233276367188,0.19263591876158626,0.025887052229041935,1.0,2.0,1.0,27.148,27.147999999999996,27.148,27.148,27.148,1.0,34.938,26.0,100.0,100.0,43.75775275456535
TUN,2026Q2,ADM2,mobile,حزوة,35891.38632795567,18989.67747116089,52.90873218895393,0.18083984213045257,9.0,17.0,13.0,14.534200992427968,36.088694642940354,13.377,0.6121129385389733,97.83319232365291,159.82866259479314,28.779198955293154,71.78409466925366,80.81574693423438,32.718171975681166,27.869867661302596
TUN,2026Q2,ADM2,mobile,حفوز,38945.406061457754,9405.78392291069,24.151202604147723,0.9696309634977557,24.0,129.0,42.0,16.02172169846865,28.541811189617484,17.054000000000002,6.750798152422305,48.98148534965182,7.255658404195718,7.061353047844214,23.0,83.10911849703615,36.477137319324974,63.70792063031094
TUN,2026Q2,ADM2,mobile,حلق الوادي,56375.03756046295,55623.34093284607,98.66661440923977,48.940383446643736,42.0,723.0,464.0,91.98628208953866,101.9028912288692,97.431,36.96732627549088,165.81566513947962,4.4854654595188945,22.793210731421617,20.0,97.3723950466192,93.50556547351079,2742.826710544063
TUN,2026Q2,ADM2,mobile,حمام الأنف,42789.00157880783,42515.591552734375,99.36102732948818,42.057565658369406,20.0,215.0,115.0,87.11744716681673,100.50073149520433,79.8055,10.50117012781656,234.8900010894547,22.367983589491075,19.715787129923577,18.0,91.30776834244104,79.78767865935644,3745.982058245807
TUN,2026Q2,ADM2,mobile,حمام الشط,36284.11047333479,29860.409606933594,82.29610487179512,22.85573788696119,25.0,288.0,112.0,66.8253588402237,88.96177380503885,75.373,16.84249180437591,163.18228587893233,9.688725859230363,18.569990079124036,17.0,98.69247617910227,85.0055051920608,1380.3160114379164
TUN,2026Q2,ADM2,mobile,حمام الغزاز,16978.27621334815,8784.279014587402,51.73834436549743,8.330584379830707,33.0,98.0,66.0,33.32287060530271,53.58143805182421,35.525,3.1692519970217257,79.76223706030383,25.167527585455378,8.549704617341387,23.0,75.3760009434562,63.720859629585846,179.36274543438677
TUN,2026Q2,ADM2,mobile,حمام سوسة,48389.62315368652,45821.98338317871,94.69382151964084,66.47477838506602,50.0,551.0,303.0,67.19333314212972,69.56867991702579,66.3615,18.65616095369605,115.80613752567318,6.20739378337805,15.084479035875301,21.310134674768932,98.59465311754418,81.7890718549102,2620.2515433302287
TUN,2026Q2,ADM2,mobile,حي التضامن,85345.0439453125,85345.0439453125,100.0,105.57114498312053,15.0,159.0,90.0,69.94445348610192,63.27671361105382,79.293,12.106218803917711,100.04985929068147,8.264335950900225,14.018364519130655,20.367253398066087,100.0,77.4416195954564,25076.14806156156
TUN,2026Q2,ADM2,mobile,حي الخضراء,33232.58753925562,32662.552116036415,98.28470948118061,52.30920586567905,80.0,1976.0,1265.0,94.84421827380748,102.11129129628999,90.4505,46.483836334789636,170.17114547661419,3.6608670646500396,24.85116194043888,18.0,98.43838419626262,94.54176077838335,907.1992522316418
TUN,2026Q2,ADM2,mobile,حيدرة,58124.66397724596,25277.460205078125,43.48835498640213,0.39838477218737633,8.0,25.0,12.0,17.133915799503065,23.9838909211888,23.21,9.132943830180336,55.5095066592864,6.0779424128124,14.807587916863577,41.632483677169645,99.90649165124275,46.153458312086556,117.03917798249809
TUN,2026Q2,ADM2,mobile,دار شعبان الفهري,49389.636959940486,39339.10975646973,79.65053435881164,9.503659297208165,27.0,185.0,94.0,33.840671801551444,54.82540791748186,31.245,11.597768922809808,132.99467990185826,11.46726415977233,8.757072100365562,23.0,92.0171004040197,67.67298833647418,718.9241638206925
TUN,2026Q2,ADM2,mobile,دقاش,23653.194243447575,15657.257684707642,66.1951088870165,0.5615022538490398,31.0,107.0,55.0,26.089030564325142,41.07898245636481,26.241,7.812241964063892,80.75699300920499,10.33723652962684,14.442929378180223,32.0,85.61945807499197,56.10854831272689,16.67083133476888
TUN,2026Q2,ADM2,mobile,دوار هيشر,97124.47040557861,96364.79608917236,99.21783427674411,66.23584924971303,25.0,131.0,91.0,54.20491225416136,75.27360732397784,43.243,21.212858178518733,168.26355741237643,7.932149265145658,18.4265472936887,19.63782643364679,98.71912939420135,84.39289362639887,10741.486390878406
TUN,2026Q2,ADM2,mobile,دوز الجنوبية,29098.51504061247,12398.357801258564,42.60821483142461,0.0450571237646342,9.0,14.0,10.0,74.31778639350107,67.20665016018047,48.023,25.83570014110359,86.25130264084402,3.3384542385062583,26.82429046678906,102.3895801709833,100.0,99.99479540367975,5.5894726448403045
TUN,2026Q2,ADM2,mobile,دوز الشمالية,23211.95036210645,16763.6554415524,72.21993490438915,0.27529604878369063,28.0,74.0,43.0,89.00755576392893,99.92540909380318,34.463499999999996,22.77899703183187,160.67398965930272,7.053602466990682,20.190501883194237,28.58133909341449,99.99821321253823,87.43027769916365,8.76049220145681
TUN,2026Q2,ADM2,mobile,ذهيبة,11069.958020950993,4218.5987048745155,38.10853389769319,0.041712486057184715,5.0,10.0,8.0,100.35986072899715,98.78887945386046,82.971,67.06910624278072,118.386,1.7651345996986951,34.656174289008796,52.60660507353101,99.98990786916991,99.98990786916991,3.4356528375897306
TUN,2026Q2,ADM2,mobile,رأس الجبل,64094.90784829876,56829.54833984375,88.66468530440699,31.07681636644081,110.0,701.0,296.0,82.7785399699201,101.07737000181748,75.9185,30.9126056375433,163.32797675950948,5.283539623756205,14.20753666964274,22.0,97.66610826161168,91.00357574918681,763.6884835809462
TUN,2026Q2,ADM2,mobile,رادس,75182.23997497559,73115.69090270996,97.25128025853782,76.2058821274473,62.0,402.0,263.0,59.999251080565514,75.21270631894497,62.41,13.016120945005111,118.53090940600717,9.106469577750271,13.819331826917763,18.0,90.94863969668216,72.32278124350174,3851.6202813260384
TUN,2026Q2,ADM2,mobile,رمادة,12343.248685244675,4484.139223396778,36.32867924598484,0.010800157510841776,11.0,27.0,17.0,134.58397617261895,134.299067344645,66.271,68.23979576361985,178.419,2.614588716209481,29.32463508840016,31.0,100.0,92.93144046472105,0.447281549652659
TUN,2026Q2,ADM2,mobile,رواد,142005.7727675438,130672.79524612427,92.01935435401558,45.85756051340766,107.0,1295.0,563.0,71.8200618193261,89.05043509997414,60.406,12.945148011995554,159.3548838107297,12.3100086351322,16.782880186222332,19.0,94.81512055757882,79.37207255532208,2546.7058079716426
TUN,2026Q2,ADM2,mobile,زرمدين,34112.12576478741,16897.838916778564,49.53616503789257,2.4557669835346445,25.0,74.0,41.0,23.66053741041042,28.23680768183145,20.873,17.842440050121994,52.73610794347344,2.9556556051375313,9.140377732030288,28.0,96.42121583212803,40.5435057093884,135.3831935885644
TUN,2026Q2,ADM2,mobile,زغوان,43377.540041290435,23474.06163072586,54.11570505930316,2.48475682742456,42.0,231.0,107.0,53.309502722650876,51.47124661503897,23.0185,8.335441956491358,83.4255919500696,10.008538525674766,19.315631347670642,25.0,87.7536537964533,65.63465687428915,105.9494153785286
TUN,2026Q2,ADM2,mobile,ساقية الدائر,81473.0881959796,67082.04963302612,82.33645135883825,26.248368196591485,119.0,741.0,352.0,32.86956234236275,51.24445664032342,30.812,6.547213666211377,115.01325119133145,17.566747788435205,9.265914119105448,22.0,82.59936419355569,60.22973964404238,712.6989733860191
TUN,2026Q2,ADM2,mobile,ساقية الزيت,133985.95950770378,127743.05505371094,95.34062787106144,32.833309458543624,121.0,1129.0,484.0,48.9878670357897,70.47662607439875,46.416,16.095769457181863,137.38417140592856,8.535421172091175,13.737527916370071,20.0,98.50098015217877,72.93904058144693,1442.5354716030283
TUN,2026Q2,ADM2,mobile,ساقية سيدي يوسف,17431.38690991334,3853.4790048599243,22.106554256267618,0.23420190257404244,7.0,22.0,8.0,15.61820928147894,17.464834856541003,16.271,2.6278699182713754,96.20533425583207,36.60962576074404,26.571966846852803,24.027319201534198,66.01029999463199,2.645651250465851,23.941964929193947
TUN,2026Q2,ADM2,mobile,سبالة أوالد عسكر,31692.88499888975,4319.739849090576,13.629998812799476,0.9305056073813589,11.0,32.0,12.0,7.227912333050601,21.703431563619127,23.782,4.917798728826772,28.22921144784898,5.740212848154434,12.682023865159403,28.058495037792397,41.10119086178989,38.28594623006632,107.33093532640987
TUN,2026Q2,ADM2,mobile,سبيبة,20703.162565051025,3530.4760341644287,17.052834430833382,0.3873755450552002,7.0,33.0,11.0,51.561723894605066,53.532644468785215,14.872,4.624413049131082,133.06938353155442,28.77541043972227,16.041963651943853,41.530611804829235,76.46954685403846,75.46008682628663,46.24553569068471
TUN,2026Q2,ADM2,mobile,سبيطلة,12988.246288668084,3347.1810400485992,25.770846699826826,0.6262383160539957,28.0,114.0,44.0,24.323335999061534,56.307538545016776,22.479,11.691073439466605,158.80029553877284,13.583038064126468,20.01654561308036,26.0,98.14884472737268,40.46202341032327,11.64147967499532
TUN,2026Q2,ADM2,mobile,سجنان,39826.07508744811,4043.6879272460938,10.153367908756174,0.4205199736415122,11.0,15.0,14.0,36.799896012901954,29.42178972439976,21.527,6.5210271981093495,45.53517089868497,6.982821803271583,13.462627880401701,25.141001345664716,91.59392812114959,55.37201127100232,64.03297288346987
TUN,2026Q2,ADM2,mobile,سكرة,165460.98846435547,160768.0516357422,97.16372005741749,85.40852303119345,100.0,1224.0,648.0,76.16723177294138,93.17251419875207,69.95599999999999,25.162489082525116,179.3814605420866,7.128923531919729,17.430555174062352,19.0,98.35651267830715,90.6131209217808,5905.937988530986
TUN,2026Q2,ADM2,mobile,سليانة الجنوبية,30181.831522909626,8912.57551574707,29.529604619858635,0.740748621295428,15.0,33.0,21.0,29.349296367990835,54.2770042603417,21.111,13.417219196671958,93.62661743090227,6.97809404903556,6.000077085819342,21.469647715409746,93.34996041478915,54.896748700539135,60.93058638497994
TUN,2026Q2,ADM2,mobile,سليانة الشمالية,39054.11439082071,17681.395500183105,45.274091541911766,1.01134215892072,16.0,113.0,53.0,86.60047280221103,82.65272120991601,75.18950000000001,6.395058464985747,147.40170657817146,23.04931336988175,24.74021885828735,25.962730563681646,79.97757691528535,77.67524917390723,101.10381071240342
TUN,2026Q2,ADM2,mobile,سليمان,62774.52650091055,43095.858723044395,68.65182602758348,11.291873184025912,67.0,401.0,206.0,64.7326604583119,79.30472798795414,51.177,7.649481760750149,183.3697753675325,23.971529196711266,19.06021503870548,20.0,89.46340063220525,75.05132535185088,440.1922483151044
TUN,2026Q2,ADM2,mobile,سوسة الرياض,63390.98426818848,62428.658142089844,98.48191957072741,63.40912729869107,26.0,200.0,120.0,60.416091713225036,73.70785254675819,56.917500000000004,11.910752833306747,146.3523104596138,12.287410586706166,14.839724531584869,21.0,94.67651615374663,73.97774059122655,6285.313919524984
TUN,2026Q2,ADM2,mobile,سوسة المدينة,37266.47790527344,37266.47790527344,100.0,93.78452423737382,24.0,393.0,274.0,114.7962996991141,113.81469386734503,121.01650000000001,38.17169069141506,167.33074982115227,4.383634751048255,16.722824708593034,24.0,100.0,100.0,5926.073505240427
TUN,2026Q2,ADM2,mobile,سوسة جوهرة,108217.40710449219,108217.40710449219,100.0,91.34995049863016,53.0,746.0,416.0,75.4208555889365,83.02190868328175,70.285,17.80029259192067,136.15987740563887,7.6493055775633785,15.292726708785228,21.0,97.13645608549581,88.0093234446228,7588.484717518901
TUN,2026Q2,ADM2,mobile,سوسة سيدي عبد الحميد,52730.61405181885,51131.44158935547,96.96727889250093,68.39706735791093,34.0,370.0,161.0,61.57813113701251,59.53837279882195,44.9225,7.094415686203138,113.34423388185982,15.976542522351204,16.56388835800521,20.0,81.16212581907844,71.38166947532709,4312.57441114145
TUN,2026Q2,ADM2,mobile,سوق الأحد,15407.442814586617,10647.51669344306,69.10631972855863,0.26296892533919536,17.0,52.0,26.0,42.640257730300284,68.46065395335121,41.59,15.869745564442056,167.75492603343412,10.57073822338449,14.266440184567648,30.50327570554673,99.99789094499835,68.12864102065024,9.227214481629257
TUN,2026Q2,ADM2,mobile,سوق الجديد,72468.49275258213,12202.239322662354,16.83799242840962,1.3805277937726441,19.0,59.0,26.0,21.993814935821547,36.57372248262704,18.491,1.49897716783259,110.48802299897505,73.70894325143895,21.796619411934202,29.91713104273641,56.02929003858694,54.26572281468016,209.23627125348332
TUN,2026Q2,ADM2,mobile,سيدي البشير,31392.549926757812,31392.549926757812,100.0,70.88165167411566,8.0,218.0,102.0,45.803315841184016,49.878168299021894,46.897999999999996,14.273,104.21311503668004,7.30141631308625,14.914921144255894,19.130359488738478,100.0,75.6236181804156,11596.187421113642
TUN,2026Q2,ADM2,mobile,سيدي الهاني,14855.77447663484,981.3608169555664,6.605921613168338,0.3868552811197324,5.0,10.0,5.0,54.141415521861845,62.41480776135693,71.199,11.152941949766902,176.1855346174629,15.797225109841552,28.071480131453953,21.0,92.77646376971586,51.01867095600776,46.61963993436198
TUN,2026Q2,ADM2,mobile,سيدي بو علي,21462.800032805957,9639.253064155579,44.91144235338329,4.189490312218847,22.0,69.0,32.0,68.91337183217561,133.2360115496015,32.674,4.884372979937036,340.83556177392416,69.78082205718815,21.88664817618732,16.0,69.8268122318453,55.00792700907318,166.87743537734158
TUN,2026Q2,ADM2,mobile,سيدي بوزيد الشرقية,41064.73027241691,12382.10028553009,30.152639998824295,1.3862785838628577,44.0,123.0,64.0,36.17353388609403,42.98416195404648,20.561,4.0000249007790964,127.15639687433648,31.788901326481707,9.842284897918484,26.189322562761696,78.61801332148734,55.07045980263696,51.640376893241594
TUN,2026Q2,ADM2,mobile,سيدي بوزيد الغربية,23944.179073423456,15023.170483350754,62.742474641887114,2.487513553208542,42.0,194.0,106.0,45.87904056362037,84.45186056158703,31.7545,3.201882533015583,246.65267077812257,77.0336413765377,20.567065837671187,24.0,83.62299748354927,69.45816124603398,56.57121532958395
TUN,2026Q2,ADM2,mobile,سيدي ثابت,28739.449313640594,18321.222702026367,63.74938678219757,13.164397073437858,54.0,232.0,86.0,43.84798177790745,92.80444139197532,30.801000000000002,9.074610798589603,231.00525319487446,25.456216065021525,9.147884996462476,17.0,88.78201400156442,71.47177137185635,293.0155429778974
TUN,2026Q2,ADM2,mobile,سيدي حسين,132725.3818045631,103496.38845825195,77.97784195539134,21.629020902975572,58.0,220.0,154.0,60.35865330982204,72.04351306908573,45.155,7.175610635101611,162.96959719808024,22.711599818538996,21.852036067794284,18.0,85.31455334108277,73.18123338747456,2061.865966982195
TUN,2026Q2,ADM2,mobile,سيدي علوان,115928.35666969528,39935.3717956543,34.44832044798041,3.2736136150151007,38.0,177.0,69.0,44.27345398432023,64.31844726366602,26.1045,9.66158910327641,110.87396562730629,11.47574839316102,11.803541404018144,24.0,88.03317597502887,67.66507349376332,401.3819353890615
TUN,2026Q2,ADM2,mobile,سيدي علي بن عون,26191.273351581975,5258.444669246674,20.077086740530923,0.861465201202279,21.0,75.0,26.0,25.389536384467878,39.5634406021372,43.623,9.536598570797214,80.07049545774493,8.39612728409637,20.343741099615407,26.0,81.32049507476744,48.10715699052499,42.609517331850796
TUN,2026Q2,ADM2,mobile,سيدي عيش,114188.07902685928,29182.12060546875,25.55618839914501,0.399232155964069,7.0,33.0,11.0,27.585931018777657,26.283685619916014,31.367,11.170301460401078,39.1972101753296,3.5090557147704944,11.097295107616544,25.673518594740848,98.95117273353864,65.46765948632496,257.8073475284307
TUN,2026Q2,ADM2,mobile,سيدي مخلوف,34871.91056375924,3467.2495956423863,9.942815118497517,1.1837981830824418,30.0,69.0,36.0,18.58916099653811,35.518078234007916,23.727,2.653394983929112,86.99629463472152,32.786786423293286,5.115426299286635,29.932959695349357,57.985193980431404,46.41434511523167,52.926131634560164
TUN,2026Q2,ADM2,mobile,شربان,57051.47449112298,5603.026947021484,9.821002869773851,0.16853354530349957,3.0,6.0,4.0,140.6305395290267,120.89085979418942,115.136,3.558,153.839,43.237492973580665,43.36152194996494,22.69267680545228,79.93313801269495,79.93313801269495,128.36961327128068
TUN,2026Q2,ADM2,mobile,صفاقس الجنوبية,48422.70511704683,41910.986419677734,86.55234423267135,21.85398319209639,170.0,853.0,473.0,65.5496186448203,83.54103408664879,43.512,16.899939078280553,168.30116249013986,9.958684567474979,16.476231956734274,22.0,94.73047735742097,82.61081969719986,246.82060211172433
TUN,2026Q2,ADM2,mobile,صفاقس الغربية,122774.71899414062,122774.71899414062,100.0,98.2273048221193,63.0,830.0,407.0,62.975516012480405,76.75647984673027,63.106,28.62936889151324,137.94161438616956,4.818185650856605,18.683107799221126,22.0,100.0,91.97482404326689,7580.415323269086
TUN,2026Q2,ADM2,mobile,صفاقس المدينة,104689.60815244913,103744.5962524414,99.09732024344613,70.0415982578196,80.0,1109.0,706.0,73.81661698092287,81.82795220730392,75.555,23.759796295919827,152.74885488838552,6.428878976315822,20.15834773836368,21.0,97.20035792063071,88.93710489318892,3630.7402563168757
TUN,2026Q2,ADM2,mobile,صواف,14180.31666241835,1716.9672088623047,12.108102024355558,0.2885996410336542,3.0,8.0,3.0,20.29687869073677,20.296878690736765,20.926,19.778,26.73287869073677,1.351647218664009,12.59924793479188,32.09704143314919,100.0,6.449704048934351,56.02639341946788
TUN,2026Q2,ADM2,mobile,صيادة - لمطة - بوحجر,37515.818099975586,35768.80773925781,95.34326998797633,56.07459423176117,29.0,151.0,72.0,34.09675279593516,54.258088779890734,26.271,6.240308817119614,111.56611935560514,17.878300998427438,12.932072106117285,24.0,72.94695858728251,55.82112697613301,2939.2515633642033
TUN,2026Q2,ADM2,mobile,طبربة,48838.36014918972,28926.2318649292,59.22850762508478,1.8369931156672639,22.0,104.0,53.0,45.42586075217448,72.87497624219405,53.732,20.91195795749776,189.77734993593631,9.075063670348174,18.390190717726494,19.0,98.15448079367322,87.63700365101705,170.30608126734703
TUN,2026Q2,ADM2,mobile,طبرقة‎,55975.36119354147,34400.18432044983,61.45593987595203,4.916967908709184,77.0,359.0,179.0,36.841728707328365,50.176119226881184,34.822,12.891263065644806,126.50338825080198,9.813110445937085,14.664356354161708,24.0,91.52473347273086,65.28533787934535,149.61313630001487
TUN,2026Q2,ADM2,mobile,طبلبة,37713.68193435669,33266.22048950195,88.20729980012067,43.066370886335264,41.0,176.0,109.0,30.540897031417636,50.483060300065375,23.646,2.5835790674634262,154.47399547268154,59.79069788034204,13.55162626043002,23.8487087554796,81.02256865153208,61.48360472438079,1604.1809944408164
TUN,2026Q2,ADM2,mobile,طينة,56246.152787119354,40606.7251663208,72.19467137603043,16.302123195798092,66.0,212.0,118.0,29.93652181903773,72.63210082196983,23.7215,6.219591805631112,183.7022013660695,29.536054311433855,10.525120691243682,22.71638348843026,75.88906451446147,54.82861088338855,549.5835739326878
TUN,2026Q2,ADM2,mobile,عمدون,21657.17177939607,4115.078308105469,19.00099583649431,0.39761955685073314,4.0,14.0,8.0,280.7738207778535,303.95368145410356,54.8615,17.22816445461513,432.086,25.080211019476984,43.74634863807369,20.676154149795806,100.0,71.37811185678716,89.72318979127819
TUN,2026Q2,ADM2,mobile,عين دراهم,35368.777107156646,13825.790331184864,39.090382710425416,2.4017775207868843,49.0,467.0,152.0,54.31316482332698,63.36312829543377,42.753,24.208453547758424,97.21832116522218,4.015883169630391,20.00285099501002,23.0,95.98367382357264,89.07841861334985,72.27799427728208
TUN,2026Q2,ADM2,mobile,غار الدماء,65562.14040389773,31560.238443374634,48.13790130850936,2.097054918035223,44.0,322.0,70.0,109.7452011700842,153.85809951710323,134.2215,36.64679995845893,290.49935686760386,7.927004737027521,19.54841862347206,19.0,96.54197884437544,96.54197884437544,129.24113935541197
TUN,2026Q2,ADM2,mobile,غار الملح,20788.772518634796,13848.857948303223,66.61700653989686,11.202450652414642,44.0,178.0,81.0,65.08490293614726,106.02798567295153,50.018,12.986579215517411,263.62679379948514,20.29994114881944,19.451581144738164,23.0,98.0388922455701,77.53223174938034,222.82709148341573
TUN,2026Q2,ADM2,mobile,غزالة,27032.797446984827,3367.096164703369,12.455596470571443,0.8776200376221083,15.0,51.0,22.0,35.485696141320524,36.54140303728745,29.166,3.0960752177072974,71.55485197941088,23.111470797017205,27.713415936002225,20.456032308578017,87.03335455070233,60.42020835997414,66.43873583635546
TUN,2026Q2,ADM2,mobile,غمراسن,9956.572732892833,5714.560247421265,57.39485263380311,1.2575534135981548,33.0,112.0,55.0,52.48163907021242,87.50800538835398,35.998,12.170191434354198,236.51407317615627,19.433882733226433,12.267670886679351,29.493618969256588,90.37585871611066,78.71786237132284,14.442501186688956
TUN,2026Q2,ADM2,mobile,غنوش,10238.05735206604,7812.85680770874,76.31190702533138,21.669777773497547,17.0,50.0,32.0,18.775688184112635,54.23790683863826,30.139,0.989598503526258,180.21921827025585,182.11347089559732,11.767347700024219,28.0,48.348445206163326,48.348445206163326,507.0743396863784
TUN,2026Q2,ADM2,mobile,فرنانة,47644.984255122756,9980.716972351074,20.948095856024874,1.6008990237605125,26.0,172.0,50.0,34.9244083479461,94.96298829896455,32.620000000000005,2.008318247353081,260.9013938026383,129.91038354927093,11.389696086494531,22.125622991427132,77.07919068130715,73.26955089134054,121.94434196693896
TUN,2026Q2,ADM2,mobile,فريانة,44890.33978881064,23941.984505295753,53.334380220627175,0.673741270051257,27.0,82.0,43.0,14.987806044807858,40.19677576629229,26.397,2.870889250572113,122.97519760906195,42.835228695971246,12.410621828426324,29.59262036981777,65.61413433147072,39.22723978554911,44.61328572303415
TUN,2026Q2,ADM2,mobile,فوسانة,25523.29140734815,5521.297163486481,21.6323869651737,0.5168136921832198,19.0,59.0,30.0,58.79446031422157,66.23482712581772,24.185,2.765317693559708,148.4920478702813,53.69800663992863,17.80233737187042,22.49291973874989,76.73671803901321,75.54513492622985,27.8981560453918
TUN,2026Q2,ADM2,mobile,فوشانة,89565.45497894287,76416.26079559326,85.31889980747485,41.524077381549546,67.0,661.0,309.0,51.67378923633864,59.682185168989086,43.068,6.442223336300909,126.43280412160841,19.625647470055807,14.70120833908591,19.0,86.67233808570987,73.88506220756,2309.4244982293976
TUN,2026Q2,ADM2,mobile,قابس الجنوبية,33877.43893579402,29143.80085849762,86.02716667494317,5.889908561115486,67.0,335.0,195.0,35.40881995925335,53.81146362215004,40.209,15.10824540784328,114.44969872018562,7.575313719802984,19.718919500201466,24.0,96.52251274101008,70.11972276820046,115.4638106804411
TUN,2026Q2,ADM2,mobile,قابس الغربية,34063.63491164385,23221.907495498657,68.172135932448,5.675347380668249,34.0,125.0,61.0,52.538253647871734,110.70773906984142,51.9015,9.36150039987941,298.1976516805099,31.853617362912374,19.352507376397984,25.5866135905287,88.93755803403607,66.52643593089155,220.66168923597988
TUN,2026Q2,ADM2,mobile,قابس المدينة,83375.16030883789,72332.04278564453,86.7549069983344,58.271767146892195,38.0,223.0,144.0,44.21003815074721,57.11916275243954,43.071,15.713579199581263,103.42507662196581,6.581891707060724,23.38717822169181,28.21195441355592,94.02578756687872,75.35736309787858,4962.9299036691855
TUN,2026Q2,ADM2,mobile,قبلاط,16581.26305459314,3304.823226928711,19.93107048629356,0.3499705170945023,6.0,22.0,9.0,43.61877946928566,42.391861298943546,53.7425,17.667906060636945,60.6400869101005,3.4322169645899945,29.26589624581809,26.468289408520302,98.32481773486558,98.32481773486558,40.072751062119565
TUN,2026Q2,ADM2,mobile,قبلي الجنوبية,24319.804988489766,12210.775578141212,50.20918376574321,0.6803434582788898,30.0,56.0,34.0,57.45365389658681,69.53704275222704,33.197500000000005,19.895688118739177,123.77928150848298,6.2214124371953154,24.731876820292342,28.0,99.1460146140571,81.0102962691763,21.249351894051163
TUN,2026Q2,ADM2,mobile,قبلي الشمالية,50538.62721689618,36221.97445845607,71.6718606205953,0.6940317451678997,49.0,187.0,100.0,35.52673167270771,60.46103036046127,34.016,19.523917372691425,157.42288377519156,8.063078775132636,23.12741139828193,29.0,96.057648188647,78.85492834749898,27.672066025892182
TUN,2026Q2,ADM2,mobile,قربة,78103.71889597178,46422.62978363037,59.437156693475494,8.172828670156644,70.0,372.0,177.0,32.68988235033767,58.23147048940638,23.456,3.7640661102394306,143.98229644378148,38.2517979830654,14.574914710388088,21.0,84.49674909005653,55.448550816212716,378.2692972630323
TUN,2026Q2,ADM2,mobile,قرمبالية,81175.68037480714,50420.74858391285,62.113121012486054,6.763923482523808,85.0,347.0,180.0,42.321247638688085,47.99525593948082,16.428,4.660439735385577,138.4468464963356,29.706820462700684,12.125275617394905,22.891986824980133,73.65263143776673,54.26510305363151,268.1391481372591
TUN,2026Q2,ADM2,mobile,قصر هلال,29294.907300949097,27941.180404663086,95.37896849312729,46.18885573691109,41.0,358.0,191.0,61.03532079341502,67.44067192492362,50.957,6.215865752539164,167.3484121968136,26.9227841879391,11.644131996273451,22.95539994288311,84.29573799893726,68.75972733056662,1336.5552503969573
TUN,2026Q2,ADM2,mobile,قصور الساف,54657.85226243736,34159.69987106323,62.49733287551601,7.63701116721098,68.0,397.0,165.0,34.683894328258255,62.576066219571366,28.0485,16.131468802349907,113.97250971818703,7.0652282885476865,10.45696505624213,24.0,97.00941723570274,71.59136516359283,247.01073787555157
TUN,2026Q2,ADM2,mobile,قصيبة المديوني,83702.46408820152,76151.86283874512,90.9792365951139,24.850992424675525,37.0,315.0,137.0,19.082470923944697,66.22809968656087,19.93,8.965725609782174,201.40414162229828,22.463786021128463,11.246895630549817,27.0,85.67935852216898,40.26500491568607,2277.886580372742
TUN,2026Q2,ADM2,mobile,قعفور,17875.81532392253,7761.879127502441,43.421119467009774,0.5253820453054654,10.0,35.0,11.0,13.607206057966858,19.674751928024072,20.7635,6.082564188574399,42.80801949583734,7.037824537264846,4.638178503852989,27.46549772731116,74.45162775390263,34.054777113605255,38.67150923637203
TUN,2026Q2,ADM2,mobile,قفصة الجنوبية,28676.374809635094,25739.514943301678,89.75860831144303,2.7118165452000205,80.0,711.0,334.0,62.1983600404063,73.84569698206901,48.591,9.472288477986234,138.0241672018478,14.571364409204639,16.420885611865057,26.0,89.1272395472194,80.94396639274862,38.21344011318876
TUN,2026Q2,ADM2,mobile,قفصة الشمالية,41135.624912659805,2794.7595710754395,6.794012676382924,0.8055448345383774,17.0,38.0,21.0,17.97636594383978,20.629374382940338,16.187,4.5397143976701635,48.78034932814751,10.745246298573798,14.702162417334957,28.487617861351563,74.83428527719732,25.898988615032064,76.91615518882767
TUN,2026Q2,ADM2,mobile,قلعة الأندلس,30009.753984935644,18142.133852005005,60.45412388622722,4.913977579358811,39.0,196.0,109.0,27.86185540273671,49.11957483442716,28.53,2.164971911380442,125.10981104468271,57.78819133265773,17.363392822931434,20.0,82.84304134710365,54.94526917104,158.44522723147574
TUN,2026Q2,ADM2,mobile,قلعة سنان,16653.358974326467,5617.951835155487,33.734646829005264,0.43137294188844116,9.0,16.0,13.0,26.101498056860898,43.17330810629269,29.64,14.693865246999412,88.7211538491675,6.03797247067343,14.772972109772134,22.00509162326723,99.91440145379298,52.37620878138741,32.41706152981808
TUN,2026Q2,ADM2,mobile,قليبية,64147.84935584701,47995.67643737793,74.82039837552742,8.760218208715184,46.0,348.0,186.0,41.802639067557315,54.892585220869655,37.2685,11.62128889281482,108.03804315427705,9.29656289855031,13.833200201128232,24.0,95.33666144967577,73.87028825807175,510.14858308185677
TUN,2026Q2,ADM2,mobile,كسرى,16895.464438069335,1838.588891506195,10.882144721416683,0.39598185105576106,7.0,15.0,9.0,21.855152484972397,25.54182985879658,21.522,3.4131750290821894,66.60513000654288,19.514126711648053,18.021719480133097,30.0,75.36346047261394,40.64403633683295,38.83937830963245
TUN,2026Q2,ADM2,mobile,كندار,12238.993430585579,6318.953842639923,51.62968571294993,2.7708401602835364,18.0,56.0,23.0,35.249792686642294,36.53287320596084,28.601,2.466496312721528,72.70966348832198,29.478926489086966,13.719284224129774,17.11435625055851,64.60861072086085,59.98664479372331,76.84640544431782
TUN,2026Q2,ADM2,mobile,ماجل بالعباس,22798.41918120402,6019.715293884277,26.404090766289556,0.1708390468425362,6.0,16.0,10.0,24.012636644988618,104.20764042487689,84.604,2.547729786739413,265.6330610425729,104.26265078233838,6.660471608505563,29.17605952111087,48.65579366107266,48.65579366107266,25.717507002401486
TUN,2026Q2,ADM2,mobile,مارث,62749.679427745265,26094.104501724243,41.58444272495603,1.5810531745145386,61.0,146.0,81.0,28.903039323847942,60.145598507434585,29.143,4.0131763771107645,203.9590596782729,50.822351302962325,17.008307551009153,27.0,72.85636146728525,60.473978969243745,62.721979593658666
TUN,2026Q2,ADM2,mobile,ماطر,48325.566232494086,25273.776397705078,52.29897623157285,1.4314866916409936,34.0,194.0,115.0,49.76907262300441,84.84778603946307,28.8515,13.210020850397301,193.29301650808267,14.632302151307297,18.34479628010887,23.548648063861474,90.87452558087821,79.45606664015806,85.38249815919082
TUN,2026Q2,ADM2,mobile,مجاز الباب,46328.03697306722,28400.05313014984,61.30208613557315,2.80943624879604,54.0,692.0,123.0,42.56810277153982,56.26447731372602,35.534499999999994,3.8402405663611,119.92901223013304,31.229557148232065,18.776884679923608,20.0,83.08382595481913,68.68633735959382,100.16059701284064
TUN,2026Q2,ADM2,mobile,مدنين االجنوبية,90918.35056567412,53074.67434978485,58.37619580597956,2.3084752451674477,65.0,256.0,134.0,49.74458332593089,63.01452432111648,28.4,5.107327011442899,145.33515890715125,28.456207832694037,16.34271734357654,32.0,86.90389982366217,74.4335651120044,123.83464417192813
TUN,2026Q2,ADM2,mobile,مدنين الشمالية,27002.026646301216,18297.464816570282,67.76330183007467,4.05788955671981,52.0,246.0,115.0,34.84563464392072,59.131926486447306,20.5605,8.286277305638908,134.7784519030891,16.265259649392952,11.18607416040345,26.0,82.54155581607061,63.7224498320719,80.7749207165935
TUN,2026Q2,ADM2,mobile,مرناق,69481.48681336126,33125.37930071354,47.67511580414762,4.988477229704521,83.0,394.0,188.0,49.9010899160318,66.40791348671263,32.209,6.020527354688491,168.94352830815936,28.061250843183103,12.382863529834717,19.0,85.92892769607246,72.20091663140482,173.53525602912532
TUN,2026Q2,ADM2,mobile,مساكن,107917.90605598704,78945.11572957039,73.15293505473895,7.486200488592369,101.0,758.0,357.0,55.78408916298323,94.74586538616026,37.681,10.954160272640165,220.7938202451685,20.15616119810094,11.45303845749455,21.0,91.8290277140333,78.56043914404259,324.5667128456529
TUN,2026Q2,ADM2,mobile,مطماطة,68159.76384775719,22351.478989601135,32.79277645316639,0.1876073571417352,9.0,25.0,16.0,60.069166955895206,64.93229012030133,64.534,12.095060737999093,122.76016289903545,10.149611114672574,21.325055138860805,26.0,99.8446037323911,71.76868235863431,54.69953132284464
TUN,2026Q2,ADM2,mobile,مطماطة الجديدة,61225.15652575866,25217.010407447815,41.18733513868357,0.379028340421951,11.0,27.0,17.0,2.3549631550104175,5.78554016428482,9.15,1.2946076882452697,17.189090668321608,13.277451404309172,0.6318378752735134,73.07574012516196,21.792884752620534,0.9347260666988192,81.40756539569342
TUN,2026Q2,ADM2,mobile,مقرين,24697.796759605408,24695.64521408081,99.99128851230925,65.20558144223499,29.0,283.0,157.0,51.25170567243926,79.04322218461495,49.258,12.699640908228611,179.88878096826033,14.164871453310393,18.062507814417053,18.0,92.82464578376715,73.87442400376241,2314.5057136111686
TUN,2026Q2,ADM2,mobile,مكثر,30149.12713034756,13909.426399230957,46.13541990484356,0.7145693280080473,10.0,23.0,15.0,18.627266507686482,28.92628423977808,19.622999999999998,6.304570522777418,66.02647652123812,10.472795297109437,14.806904364850096,35.17438751419854,84.58460608258942,33.19966979701163,87.70038022603998
TUN,2026Q2,ADM2,mobile,ملولش,100275.8781619072,22957.37548828125,22.894215347796674,3.424501131736078,22.0,44.0,25.0,7.731766795792321,15.336515355576145,7.731,0.6940711367875971,37.38270198962511,53.860044033303666,12.394885820492464,29.46078582917061,39.625717803384994,34.45187081644705,624.7174470446255
TUN,2026Q2,ADM2,mobile,منزل الحبيب,4649.053019269202,262.1604017019272,5.6390064947707765,0.10733433649553546,4.0,9.0,4.0,90.79213441086736,92.48585977164653,89.9385,45.58253437399253,174.20073407477497,3.82165529993362,23.228206944631236,24.580470624615014,100.0,100.0,4.878973127422948
TUN,2026Q2,ADM2,mobile,منزل بورقيبة,65397.00153267494,53973.78009784222,82.53249970623618,9.666126981879486,52.0,297.0,141.0,31.94514675414995,56.67763392948664,31.4815,6.5901715531653675,169.6672638911814,25.74550032915113,15.032145250901467,20.0,83.16466946304443,64.85435920181722,511.6616941873895
TUN,2026Q2,ADM2,mobile,منزل بوزلفة,43831.670268595626,20897.333335876465,47.67633359125929,4.672795705703126,26.0,147.0,77.0,56.69610288788877,70.43274802021374,52.013999999999996,7.6141565635239425,175.59542479438872,23.061703989065414,12.44177133494351,21.112201952540545,76.98229897177009,74.20704318724886,327.66094981864387
TUN,2026Q2,ADM2,mobile,منزل بوزيان,24521.063653806334,7167.913438796997,29.231657892149972,0.8666414365327354,19.0,72.0,27.0,25.38527828552362,29.86639108346284,19.837,0.6171468217598999,67.45391934872663,109.29963012103056,19.870684295200338,27.0,70.04144732556634,54.42652488721064,44.187566169948205
TUN,2026Q2,ADM2,mobile,منزل تميم,73136.403723572,42882.98633003235,58.63425619355561,4.282123348634472,47.0,279.0,123.0,34.23822968291826,53.12627886745874,18.129,7.577601648982552,131.82392897604794,17.39652400357414,9.794050196901894,24.15461402361771,82.36078350024636,60.65083854645065,277.8532968428733
TUN,2026Q2,ADM2,mobile,منزل جميل,52071.15077859214,42040.51802062988,80.73667931670501,13.993731973109284,47.0,221.0,90.0,45.65680036273626,84.53286989201784,27.013,2.6808566737680106,244.40656486330852,91.16733738689172,19.15297530113583,20.919652369983698,74.26218376896207,64.96977884090184,653.9987064416758
TUN,2026Q2,ADM2,mobile,منوبة‬,71877.39859008789,71537.1597290039,99.52663999009711,87.6916976158898,44.0,566.0,316.0,73.02965338359229,80.452218400902,67.39250000000001,26.865091469835722,118.31147595352303,4.40391115311719,16.215547217589123,18.0,96.59269925578141,91.16813248577283,5976.497640139117
TUN,2026Q2,ADM2,mobile,منيهلة,121817.57667922974,117939.05018615723,96.81611915225875,51.8571987375307,50.0,495.0,240.0,60.90424476618838,66.57466371896258,60.096000000000004,10.918072511621988,118.88367168467488,10.88870508582229,19.636423548231626,17.0,93.6671050958138,77.1146397410831,5277.69410092245
TUN,2026Q2,ADM2,mobile,نابل,90311.8038517237,82441.40756988525,91.28530718447361,22.557648860345555,69.0,647.0,371.0,63.718447381026444,80.98229611197355,60.293,16.578548390048635,151.56678022614653,9.14234326553737,15.142566574033108,21.0,94.56294535195218,82.81213852478714,1220.467667472318
TUN,2026Q2,ADM2,mobile,نبر,26490.056370598162,6503.6630191803015,24.55133703074655,0.7424143696327535,22.0,112.0,38.0,49.19344989567755,48.930465669214264,44.4745,21.133738149301337,73.92599422716981,3.49800843111202,14.426864364060851,26.0,94.44466414663863,89.99330084450767,36.835373924956514
TUN,2026Q2,ADM2,mobile,نصر الله,77629.15647185422,19148.591342926025,24.6667517891537,0.9812414454816377,27.0,87.0,36.0,33.40892319435221,113.80998753846497,21.22,9.665974511946034,446.4930762340179,46.19224638780123,9.742541162587779,26.342440816322867,88.55341862533925,51.758305490603696,113.31066542804375
TUN,2026Q2,ADM2,mobile,نفزة,47363.222261908755,10549.227792739868,22.27303652273664,1.3537481706585563,34.0,139.0,58.0,37.45669239715523,192.55248561725188,33.8485,7.738159846261041,792.6433452243753,102.43305397824888,17.30001891730905,21.659037268508524,83.50564280705045,66.00152902703314,78.99526258028374
TUN,2026Q2,ADM2,mobile,نفطة,34390.81192074167,31449.30316925049,91.44681795163694,0.3926064511375855,25.0,122.0,64.0,76.70246983136812,144.66682684089216,71.255,41.964427473582596,311.28353421958525,7.417795331904483,24.93474804284454,27.0,97.99685087761931,96.10006034596643,20.95216770879468
TUN,2026Q2,ADM2,mobile,هبيرة,57643.63413669724,6732.831848144531,11.680096074751571,0.23696713544558667,3.0,8.0,3.0,27.015372132766316,26.98659595143417,7.783,4.142534130341979,34.182,8.251470941333721,12.748522519737834,21.900314219123292,74.71100020136757,74.71100020136757,182.52260641933833
TUN,2026Q2,ADM2,mobile,هرقلة,10167.170485377408,6576.419390082359,64.6828869402817,6.376303456232717,22.0,78.0,42.0,46.265525881319554,50.46215799235973,42.1975,5.6673885554957355,111.06950767617333,19.598004722733872,19.419952323666106,28.185329256803705,86.21684316798147,78.0648015446301,120.49370268790118
TUN,2026Q2,ADM2,mobile,واد مليز,18045.4808786518,4408.330186843872,24.428998132485475,3.3878655423917063,28.0,69.0,39.0,23.809883238717838,78.9610846750362,14.132,4.153594589355361,202.8702734759956,48.84209787731862,22.652099425962867,23.0,85.72908164131111,47.144418633084655,90.29445175253011
TUN,2026Q2,ADM2,mobile,وادي اللیل‬,79747.44778442383,67612.8602142334,84.78372925113155,24.731249237792067,59.0,368.0,147.0,53.29849597374563,66.91759483786443,34.486,7.992761740280621,153.4423103574632,19.197658499460783,20.08196989341744,18.902759361028348,89.78203936065997,71.48973580196683,1395.3843841985147
TUN,2026Q2,ADM2,mobile,والد شامخ,10968.053848342139,1048.6386756896973,9.560845435201824,0.610971117058784,8.0,12.0,10.0,47.31206352488144,61.87164518539353,32.9875,24.457583079977226,201.2626014992544,8.229047033842962,23.129408811185918,28.13988286992673,95.4869997922147,89.10194501387637,33.77085748849318
TUN,2026Q2,ADM2,mobile,‫الصخیرة‬,17169.30031101052,2420.774320989847,14.099434904970623,0.8690047685680062,31.0,101.0,36.0,29.92796555086918,93.73343053395892,33.587,9.57829521633386,351.4630684182715,36.69369762365664,23.362094147154263,23.0,91.67245109159235,63.79578235719049,18.865247015921113
TUN,2026Q2,ADM2,mobile,‫المحرس‬,107491.06098463385,45206.96675854921,42.05648948335497,1.9949319392927276,34.0,128.0,59.0,27.358342850895212,83.33466728340609,35.295,9.417947407567949,304.47243401079214,32.32895883089432,17.22950216661292,23.0,86.1529272770262,55.01009935581563,248.59581713858006
TUN,2026Q2,ADM2,mobile,‫عقارب‬,33020.99127697126,11759.05516910553,35.61084847657575,1.7189928480914316,50.0,120.0,64.0,46.78064551535198,79.8406882865268,24.3305,8.843752495632685,210.25803046632325,23.774752919663353,14.767509165869576,24.0,88.92190665629569,61.26262466482657,44.944265504834746
